Warehouse_ID,Location,Current_Stock,Demand_Forecast,Lead_Time_Days,Shipping_Time_Days,Stockout_Risk,Operational_Cost,Supplier_ID,Product_Category,Monthly_Sales,Order_Processing_Time,Return_Rate,Customer_Rating,Warehouse_Capacity,Storage_Cost,Transportation_Cost,Backorder_Quantity,Damaged_Goods,Employee_Count,Warehouse_Size,Revenue_Per_Unit,Monthly_Revenue,Employee_Salary,Avg_Salary_Per_Employee,Total_Cost,Profit,Total_Delivery_Time,Fulfillment_Rate,Warehouse_Utilization_Ratio,Damaged_Rate
WH239,Dallas,3926,484,8,3,7,93895,S693,Groceries,4893,4.77,6.05,3.84,28701,16975,2778,228,26,83,medium,20,97860,74142,893.28,93895,3965,8.0,8.11,0.14,0.01
WH244,Houston,3032,5122,3,6,25,46847,S880,Electronics,4453,4.3,3.89,2.11,36198,14052,1535,288,16,39,medium,100,445300,31260,801.54,46847,398453,10.0,0.59,0.08,0.0
WH340,Chicago,4763,4343,5,5,16,64176,S116,Furniture,5956,1.03,7.34,4.21,22784,9863,13435,153,3,49,small,200,1191200,40878,834.24,64176,1127024,6.0,1.1,0.21,0.0
WH428,Atlanta,2219,777,7,6,15,38940,S431,Apparel,5814,2.87,1.39,1.75,13172,15911,14508,143,39,35,small,50,290700,8521,243.46,38940,251760,9.0,2.86,0.17,0.01
WH202,Dallas,809,4756,2,7,16,33933,S821,Electronics,2279,4.06,4.21,4.23,39619,19011,1904,296,30,67,large,100,227900,13018,194.3,33933,193967,11.0,0.17,0.02,0.01
WH211,San Francisco,3840,666,9,1,19,30165,S459,Automotive,1326,0.66,2.41,1.11,32490,9766,807,181,17,20,medium,500,663000,19592,979.6,30165,632835,2.0,5.77,0.12,0.01
WH008,Atlanta,4757,4776,7,7,12,38284,S655,Apparel,6186,3.08,4.2,1.01,19414,6995,8901,237,25,94,small,50,309300,22388,238.17,38284,271016,10.0,1.0,0.25,0.0
WH438,Atlanta,4803,2432,9,5,20,45299,S845,Electronics,5539,2.43,6.01,2.45,42401,17954,13519,172,9,91,large,100,553900,13826,151.93,45299,508601,7.0,1.97,0.11,0.0
WH106,New York,1401,2940,10,6,22,36265,S456,Apparel,1822,1.29,3.15,4.74,18053,17284,773,205,17,78,small,50,91100,18208,233.44,36265,54835,7.0,0.48,0.08,0.01
WH099,New York,4213,3732,5,7,20,57333,S569,Electronics,4608,3.1,3.22,2.7,31286,5653,7017,97,44,58,medium,100,460800,44663,770.05,57333,403467,10.0,1.13,0.13,0.01
WH366,Los Angeles,1670,1713,10,2,20,71498,S813,Apparel,2147,0.72,3.95,1.61,37590,19542,13230,123,15,90,large,50,107350,38726,430.29,71498,35852,3.0,0.97,0.04,0.01
WH286,Los Angeles,2208,1339,8,1,15,95778,S560,Automotive,5219,3.62,5.92,4.21,26580,13840,12534,160,31,34,medium,500,2609500,69404,2041.29,95778,2513722,5.0,1.65,0.08,0.01
WH023,San Francisco,2635,4395,10,7,23,73077,S603,Groceries,8989,3.62,9.46,2.02,36191,7937,14852,54,4,78,medium,20,179780,50288,644.72,73077,106703,11.0,0.6,0.07,0.0
WH428,Seattle,1799,484,5,3,25,57671,S469,Apparel,4671,2.13,7.93,1.48,34452,18186,14587,253,36,94,medium,50,233550,24898,264.87,57671,175879,5.0,3.72,0.05,0.01
WH080,Seattle,4041,2603,7,4,8,92226,S103,Furniture,4073,4.15,7.02,1.42,38531,15308,4244,194,49,93,large,200,814600,72674,781.44,92226,722374,8.0,1.55,0.1,0.01
WH191,Seattle,848,4701,7,5,21,93258,S136,Groceries,9842,2.21,5.23,3.99,11429,12498,5777,175,5,64,small,20,196840,74983,1171.61,93258,103582,7.0,0.18,0.07,0.0
WH049,Dallas,4357,4984,2,5,24,40932,S759,Automotive,3420,1.01,3.93,2.26,42128,2181,8725,122,3,53,large,500,1710000,30026,566.53,40932,1669068,6.0,0.87,0.1,0.0
WH233,New York,2443,5093,6,5,22,80137,S201,Apparel,7676,3.39,1.03,1.38,32242,6179,2251,34,50,58,medium,50,383800,71707,1236.33,80137,303663,8.0,0.48,0.08,0.01
WH101,Chicago,4929,2198,7,2,7,59285,S406,Apparel,7953,2.08,6.96,3.46,42598,7843,6764,159,21,17,large,50,397650,44678,2628.12,59285,338365,4.0,2.24,0.12,0.0
WH207,Miami,1463,4048,5,3,17,77723,S637,Furniture,2765,2.9,2.44,2.04,30536,18584,14848,270,8,94,medium,200,553000,44291,471.18,77723,475277,6.0,0.36,0.05,0.0
WH369,San Francisco,2314,1514,6,5,9,81364,S549,Groceries,5331,3.59,9.02,1.06,31325,12245,10053,70,11,10,medium,20,106620,59066,5906.6,81364,25256,9.0,1.53,0.07,0.0
WH179,Denver,3850,3733,2,4,21,83283,S426,Furniture,9416,4.39,8.73,3.83,25907,7284,12751,199,3,16,medium,200,1883200,63248,3953.0,83283,1799917,8.0,1.03,0.15,0.0
WH220,Dallas,1542,3354,7,1,23,36696,S271,Electronics,7295,4.27,7.83,4.31,48600,2541,713,264,16,48,large,100,729500,33442,696.71,36696,692804,5.0,0.46,0.03,0.0
WH268,Chicago,2383,697,5,5,14,84872,S636,Groceries,4982,2.57,4.24,2.94,39082,19243,10301,202,49,26,large,20,99640,55328,2128.0,84872,14768,8.0,3.42,0.06,0.01
WH196,Houston,4003,1225,2,3,12,75092,S336,Furniture,7111,1.3,3.86,1.47,14012,4592,3788,137,5,84,small,200,1422200,66712,794.19,75092,1347108,4.0,3.27,0.29,0.0
WH376,San Francisco,3337,3349,5,5,10,88630,S566,Electronics,2070,0.8,4.48,3.59,28749,10282,3061,207,38,61,medium,100,207000,75287,1234.21,88630,118370,6.0,1.0,0.12,0.02
WH199,Miami,3549,3228,10,3,13,74353,S158,Electronics,9527,1.79,9.71,2.14,49867,1083,8062,188,4,56,large,100,952700,65208,1164.43,74353,878347,5.0,1.1,0.07,0.0
WH092,Dallas,936,431,5,6,9,73884,S970,Automotive,7584,2.22,2.15,4.87,32410,16534,12558,61,19,68,medium,500,3792000,44792,658.71,73884,3718116,8.0,2.17,0.03,0.0
WH404,Atlanta,1785,565,2,4,7,56955,S185,Apparel,8992,1.18,3.3,3.02,21520,9662,12565,159,29,41,small,50,449600,34728,847.02,56955,392645,5.0,3.16,0.08,0.0
WH206,Dallas,4646,3459,10,4,14,88732,S585,Groceries,2984,4.23,2.86,3.81,44144,14983,1982,110,22,64,large,20,59680,71767,1121.36,88732,-29052,8.0,1.34,0.11,0.01
WH021,Houston,1888,3795,8,4,17,82892,S560,Electronics,3884,3.06,1.31,4.62,30335,12391,10615,127,34,99,medium,100,388400,59886,604.91,82892,305508,7.0,0.5,0.06,0.01
WH253,Miami,2962,552,5,3,17,99018,S491,Furniture,1392,2.97,9.38,4.14,10606,3671,13568,255,4,7,small,200,278400,81779,11682.71,99018,179382,6.0,5.37,0.28,0.0
WH484,Los Angeles,3743,410,5,1,23,81031,S376,Groceries,1897,0.64,0.65,1.79,48044,14036,11150,278,9,22,large,20,37940,55845,2538.41,81031,-43091,2.0,9.13,0.08,0.0
WH392,Houston,2742,4889,9,3,22,67455,S545,Furniture,5933,1.14,3.69,3.15,41692,2294,5421,129,32,11,large,200,1186600,59740,5430.91,67455,1119145,4.0,0.56,0.07,0.01
WH326,Miami,3837,3017,7,6,16,54060,S276,Apparel,3145,0.65,9.63,3.1,49681,7521,4161,287,5,13,large,50,157250,42378,3259.85,54060,103190,7.0,1.27,0.08,0.0
WH335,Houston,1423,3261,2,3,16,94094,S555,Electronics,8668,3.03,1.66,3.84,49197,7966,7011,103,31,96,large,100,866800,79117,824.14,94094,772706,6.0,0.44,0.03,0.0
WH415,Chicago,4568,1768,7,6,12,97211,S388,Groceries,3154,2.28,9.73,4.27,47783,11813,546,247,12,46,large,20,63080,84852,1844.61,97211,-34131,8.0,2.58,0.1,0.0
WH009,New York,4577,1024,8,4,13,67329,S104,Electronics,8412,4.41,9.62,3.13,42346,16029,6976,229,10,25,large,100,841200,44324,1772.96,67329,773871,8.0,4.47,0.11,0.0
WH397,Denver,4372,643,7,1,19,42195,S204,Automotive,8278,0.72,8.16,4.16,35116,18146,7702,35,40,40,medium,500,4139000,16347,408.68,42195,4096805,2.0,6.8,0.12,0.0
WH122,San Francisco,1332,1339,7,7,9,46106,S596,Groceries,3223,1.93,9.52,2.55,15012,19964,11533,190,35,39,small,20,64460,14609,374.59,46106,18354,9.0,0.99,0.09,0.01
WH157,Atlanta,2390,409,3,4,10,81644,S452,Apparel,9800,1.61,8.53,4.1,15979,9882,8995,33,45,29,small,50,490000,62767,2164.38,81644,408356,6.0,5.84,0.15,0.0
WH269,Los Angeles,1403,4806,7,7,20,86006,S571,Apparel,6079,4.24,5.93,3.84,38733,16907,4024,274,14,31,large,50,303950,65075,2099.19,86006,217944,11.0,0.29,0.04,0.0
WH366,Dallas,1217,564,2,4,15,64548,S783,Furniture,6930,1.29,4.63,2.03,33642,13415,14962,40,1,85,medium,200,1386000,36171,425.54,64548,1321452,5.0,2.16,0.04,0.0
WH459,New York,1295,2782,2,1,23,60363,S286,Electronics,2694,3.27,2.93,1.8,24041,5744,2583,8,19,55,medium,100,269400,52036,946.11,60363,209037,4.0,0.47,0.05,0.01
WH302,Los Angeles,2867,2066,9,2,12,88536,S872,Furniture,1220,1.34,6.52,3.75,29903,7233,4194,0,15,69,medium,200,244000,77109,1117.52,88536,155464,3.0,1.39,0.1,0.01
WH112,Chicago,3120,4695,8,5,21,56043,S669,Furniture,8079,2.7,3.64,3.5,38594,2330,1930,91,47,26,large,200,1615800,51783,1991.65,56043,1559757,8.0,0.66,0.08,0.01
WH428,Atlanta,3337,4873,4,3,23,33193,S810,Automotive,1712,4.41,8.46,4.9,17790,17299,2291,64,4,14,small,500,856000,13603,971.64,33193,822807,7.0,0.68,0.19,0.0
WH361,Dallas,4062,1475,8,3,9,39957,S498,Groceries,4224,3.18,6.23,2.77,14738,9524,13636,66,42,54,small,20,84480,16797,311.06,39957,44523,6.0,2.75,0.28,0.01
WH140,Los Angeles,1449,1639,8,4,20,60432,S278,Groceries,7003,0.99,8.94,3.16,41388,13400,1148,115,27,25,large,20,140060,45884,1835.36,60432,79628,5.0,0.88,0.04,0.0
WH005,San Francisco,2474,1871,9,4,23,44010,S498,Furniture,4844,1.72,3.04,3.83,33661,4235,3155,180,15,76,medium,200,968800,36620,481.84,44010,924790,6.0,1.32,0.07,0.0
WH487,Miami,3885,2529,9,6,19,58271,S695,Apparel,3921,1.09,9.13,4.18,30250,12697,6016,204,37,44,medium,50,196050,39558,899.05,58271,137779,7.0,1.54,0.13,0.01
WH136,Houston,2227,3193,8,7,22,71473,S899,Electronics,5510,1.43,2.19,1.46,19817,8826,11062,194,29,7,small,100,551000,51585,7369.29,71473,479527,8.0,0.7,0.11,0.01
WH286,Miami,1443,568,5,7,21,51904,S778,Electronics,5045,4.9,8.76,3.64,29712,14945,8595,76,18,18,medium,100,504500,28364,1575.78,51904,452596,12.0,2.54,0.05,0.0
WH456,Miami,4451,4005,9,3,10,71826,S686,Groceries,9427,0.52,1.84,3.68,19710,9717,12407,88,9,35,small,20,188540,49702,1420.06,71826,116714,4.0,1.11,0.23,0.0
WH192,Los Angeles,2980,5034,5,1,5,72538,S293,Furniture,7397,4.92,6.86,3.96,11351,16209,912,173,1,5,small,200,1479400,55417,11083.4,72538,1406862,6.0,0.59,0.26,0.0
WH162,Denver,567,3280,7,3,18,36588,S134,Electronics,2840,0.93,9.0,3.24,49954,15435,5859,3,8,91,large,100,284000,15294,168.07,36588,247412,4.0,0.17,0.01,0.0
WH341,New York,4529,3336,6,5,16,79668,S260,Groceries,1919,4.47,1.06,2.96,40101,5397,12018,49,25,62,large,20,38380,62253,1004.08,79668,-41288,9.0,1.36,0.11,0.01
WH490,Los Angeles,2983,4731,7,4,17,38811,S384,Automotive,2513,4.34,6.68,3.8,35268,3996,6269,189,35,42,medium,500,1256500,28546,679.67,38811,1217689,8.0,0.63,0.08,0.01
WH485,San Francisco,2389,2700,5,3,11,40118,S679,Furniture,8949,1.07,6.52,1.28,42688,12734,4978,41,25,96,large,200,1789800,22406,233.4,40118,1749682,4.0,0.88,0.06,0.0
WH307,Denver,4814,3915,4,7,22,88519,S930,Automotive,4537,4.74,7.02,3.12,49802,1114,7525,1,4,36,large,500,2268500,79880,2218.89,88519,2179981,12.0,1.23,0.1,0.0
WH174,Miami,1935,3684,2,2,7,37318,S161,Groceries,6819,4.03,4.2,3.13,19330,3636,5063,97,33,42,small,20,136380,28619,681.4,37318,99062,6.0,0.53,0.1,0.0
WH099,Los Angeles,1478,3535,7,1,6,75822,S573,Electronics,8811,2.58,3.34,2.68,33202,8946,11951,16,49,6,medium,100,881100,54925,9154.17,75822,805278,4.0,0.42,0.04,0.01
WH298,New York,4418,3948,10,7,6,74065,S355,Automotive,6836,4.43,8.34,3.95,43351,11037,7760,112,7,83,large,500,3418000,55268,665.88,74065,3343935,11.0,1.12,0.1,0.0
WH265,Los Angeles,703,3797,8,5,19,43957,S712,Automotive,2756,4.56,9.76,4.99,12946,14139,7731,161,38,12,small,500,1378000,22087,1840.58,43957,1334043,10.0,0.19,0.05,0.01
WH016,Atlanta,1279,3723,3,2,10,50740,S464,Electronics,8315,0.55,7.17,2.0,15987,5509,5968,266,8,82,small,100,831500,39263,478.82,50740,780760,3.0,0.34,0.08,0.0
WH154,Denver,668,3671,2,3,13,93117,S588,Apparel,7308,4.11,2.07,3.14,21884,16105,13500,135,7,24,small,50,365400,63512,2646.33,93117,272283,7.0,0.18,0.03,0.0
WH306,Miami,3066,3460,6,5,22,78996,S598,Electronics,3230,0.97,3.31,3.09,49848,8552,12597,117,37,98,large,100,323000,57847,590.28,78996,244004,6.0,0.89,0.06,0.01
WH062,Chicago,1701,2243,10,5,25,31210,S450,Furniture,1481,4.77,1.38,4.82,29687,12883,9577,30,21,42,medium,200,296200,8750,208.33,31210,264990,10.0,0.76,0.06,0.01
WH016,Atlanta,4789,834,10,4,22,80268,S699,Furniture,2642,2.45,5.47,2.32,34766,17788,10987,129,20,27,medium,200,528400,51493,1907.15,80268,448132,6.0,5.74,0.14,0.01
WH155,Houston,1524,2820,4,3,23,63126,S335,Automotive,9598,1.97,4.38,4.74,30211,3215,7518,135,12,37,medium,500,4799000,52393,1416.03,63126,4735874,5.0,0.54,0.05,0.0
WH092,New York,3321,3652,2,3,13,35784,S732,Groceries,5103,4.48,2.18,1.14,40555,2353,10115,246,41,66,large,20,102060,23316,353.27,35784,66276,7.0,0.91,0.08,0.01
WH071,San Francisco,4475,1326,9,5,22,30531,S476,Groceries,7782,2.04,7.2,4.64,12303,9088,6130,241,32,61,small,20,155640,15313,251.03,30531,125109,7.0,3.37,0.36,0.0
WH495,Seattle,3126,520,5,5,20,59269,S917,Electronics,1557,1.66,3.09,4.66,21943,2075,1571,48,30,12,small,100,155700,55623,4635.25,59269,96431,7.0,6.01,0.14,0.02
WH455,Chicago,1129,2613,9,5,19,46628,S596,Groceries,5385,2.91,6.02,4.35,27025,2517,11960,192,40,41,medium,20,107700,32151,784.17,46628,61072,8.0,0.43,0.04,0.01
WH143,Seattle,3330,3718,6,1,8,30780,S217,Apparel,4788,4.65,8.71,2.43,24801,15966,14405,135,29,33,medium,50,239400,409,12.39,30780,208620,6.0,0.9,0.13,0.01
WH352,Los Angeles,1002,5141,10,7,10,70630,S761,Apparel,2300,3.42,4.65,1.77,22089,5249,3224,270,23,8,small,50,115000,62157,7769.62,70630,44370,10.0,0.19,0.05,0.01
WH407,New York,2469,4680,2,4,10,69104,S878,Apparel,1013,1.09,3.24,4.48,14179,4889,4214,4,29,6,small,50,50650,60001,10000.17,69104,-18454,5.0,0.53,0.17,0.03
WH375,New York,2332,2569,7,3,15,81666,S341,Apparel,8226,2.32,2.02,4.12,45665,7809,1742,4,39,32,large,50,411300,72115,2253.59,81666,329634,5.0,0.91,0.05,0.0
WH467,Denver,537,3634,2,2,10,39505,S122,Electronics,4624,3.62,5.86,3.48,33050,6424,6198,97,42,19,medium,100,462400,26883,1414.89,39505,422895,6.0,0.15,0.02,0.01
WH473,Miami,3522,717,10,2,5,35991,S384,Electronics,8818,3.97,3.83,1.48,47108,2831,5140,173,9,73,large,100,881800,28020,383.84,35991,845809,6.0,4.91,0.07,0.0
WH215,Seattle,3895,4812,3,2,14,63807,S552,Apparel,4196,0.62,4.37,3.78,18812,5326,5936,205,34,53,small,50,209800,52545,991.42,63807,145993,3.0,0.81,0.21,0.01
WH022,Dallas,785,3253,5,7,10,48656,S464,Electronics,6067,3.04,2.06,1.06,12450,2415,6527,135,16,76,small,100,606700,39714,522.55,48656,558044,10.0,0.24,0.06,0.0
WH134,Seattle,582,979,4,7,13,78161,S828,Furniture,1756,3.22,3.64,1.95,33854,15544,11418,300,47,16,medium,200,351200,51199,3199.94,78161,273039,10.0,0.59,0.02,0.03
WH438,Chicago,608,5117,6,5,21,37319,S185,Furniture,7939,4.37,8.97,1.94,26143,12294,9850,64,4,36,medium,200,1587800,15175,421.53,37319,1550481,9.0,0.12,0.02,0.0
WH061,San Francisco,4667,1194,6,6,23,33599,S809,Apparel,4822,1.89,2.98,2.72,30124,12415,13679,41,11,77,medium,50,241100,7505,97.47,33599,207501,8.0,3.91,0.15,0.0
WH218,Dallas,1856,4009,7,6,15,72564,S626,Electronics,6460,4.12,9.14,2.25,23518,3828,8048,206,7,70,medium,100,646000,60688,866.97,72564,573436,10.0,0.46,0.08,0.0
WH090,Dallas,4959,1521,2,5,13,46931,S279,Apparel,7214,4.84,2.6,4.78,38363,1270,2087,189,41,41,large,50,360700,43574,1062.78,46931,313769,10.0,3.26,0.13,0.01
WH072,San Francisco,848,4086,2,1,10,87409,S654,Furniture,5154,3.09,8.46,4.8,45161,1335,5088,161,7,66,large,200,1030800,80986,1227.06,87409,943391,4.0,0.21,0.02,0.0
WH093,Miami,1650,717,4,5,25,85842,S411,Automotive,1304,1.19,4.34,4.7,45743,13382,7065,184,27,57,large,500,652000,65395,1147.28,85842,566158,6.0,2.3,0.04,0.02
WH086,Chicago,895,3524,7,2,24,51690,S605,Groceries,2495,1.46,4.38,4.7,21951,6527,5896,64,43,17,small,20,49900,39267,2309.82,51690,-1790,3.0,0.25,0.04,0.02
WH057,Los Angeles,4390,486,8,2,6,72677,S862,Apparel,2700,3.74,9.76,1.22,42370,3080,14988,80,0,56,large,50,135000,54609,975.16,72677,62323,6.0,9.03,0.1,0.0
WH087,Houston,1254,5127,2,4,5,96514,S240,Apparel,5073,4.69,6.3,3.24,12956,16289,544,218,34,86,small,50,253650,79681,926.52,96514,157136,9.0,0.24,0.1,0.01
WH486,Seattle,1097,4224,8,3,15,43503,S577,Electronics,2499,1.51,4.24,4.11,38300,10261,11559,296,7,25,large,100,249900,21683,867.32,43503,206397,5.0,0.26,0.03,0.0
WH330,Houston,4556,3161,3,3,5,51674,S612,Automotive,5683,0.58,9.35,2.02,48929,3405,14853,112,6,12,large,500,2841500,33416,2784.67,51674,2789826,4.0,1.44,0.09,0.0
WH343,New York,1620,3290,10,7,25,69993,S981,Apparel,2072,1.31,0.65,2.11,39214,8105,10630,29,23,10,large,50,103600,51258,5125.8,69993,33607,8.0,0.49,0.04,0.01
WH480,Atlanta,2264,2633,3,3,15,97185,S534,Apparel,8627,2.48,5.77,2.66,16832,16744,7311,190,38,90,small,50,431350,73130,812.56,97185,334165,5.0,0.86,0.13,0.0
WH466,Atlanta,4416,2857,8,7,6,45999,S310,Groceries,5491,3.55,3.67,2.87,21769,16669,2443,87,10,11,small,20,109820,26887,2444.27,45999,63821,11.0,1.55,0.2,0.0
WH349,Miami,1894,1961,5,2,6,96163,S533,Automotive,8297,3.97,8.44,2.59,45430,18999,14529,76,30,35,large,500,4148500,62635,1789.57,96163,4052337,6.0,0.97,0.04,0.0
WH168,Atlanta,1294,2072,3,5,25,85680,S717,Furniture,9674,2.01,5.77,3.04,22010,14540,12286,105,13,5,small,200,1934800,58854,11770.8,85680,1849120,7.0,0.62,0.06,0.0
WH449,Seattle,2484,2155,3,7,11,92559,S837,Apparel,2049,4.44,7.63,4.57,24642,3168,11699,300,1,98,medium,50,102450,77692,792.78,92559,9891,11.0,1.15,0.1,0.0
WH211,Dallas,589,5164,6,3,24,64458,S981,Automotive,7324,2.0,2.41,3.68,48033,6373,6467,277,2,88,large,500,3662000,51618,586.57,64458,3597542,5.0,0.11,0.01,0.0
WH049,San Francisco,2807,4166,3,6,16,56895,S141,Apparel,6136,1.79,1.45,1.39,46738,10655,6239,68,8,67,large,50,306800,40001,597.03,56895,249905,8.0,0.67,0.06,0.0
WH102,Los Angeles,2194,2077,10,1,17,55474,S337,Apparel,5565,2.27,3.17,1.41,22467,13135,14564,62,25,17,small,50,278250,27775,1633.82,55474,222776,3.0,1.06,0.1,0.0
WH091,Atlanta,2669,5200,10,3,5,82513,S860,Electronics,6850,2.01,4.77,3.54,23036,13529,12864,146,33,77,small,100,685000,56120,728.83,82513,602487,5.0,0.51,0.12,0.0
WH239,San Francisco,1404,3278,4,3,16,72802,S679,Apparel,3125,4.22,1.26,2.2,35073,5339,9222,241,25,69,medium,50,156250,58241,844.07,72802,83448,7.0,0.43,0.04,0.01
WH060,Chicago,3911,1299,7,5,17,37255,S713,Automotive,9317,3.36,3.77,4.61,18379,5090,5452,224,37,82,small,500,4658500,26713,325.77,37255,4621245,8.0,3.01,0.21,0.0
WH491,Houston,566,4274,3,7,22,41020,S248,Groceries,9864,2.28,3.07,4.58,28078,14358,9193,198,11,58,medium,20,197280,17469,301.19,41020,156260,9.0,0.13,0.02,0.0
WH199,Atlanta,2677,3594,9,5,9,93093,S319,Electronics,7549,0.87,8.9,2.81,47231,8493,3125,201,9,16,large,100,754900,81475,5092.19,93093,661807,6.0,0.74,0.06,0.0
WH092,Miami,1330,1433,9,7,15,57086,S138,Furniture,2447,4.36,0.93,2.67,41005,7917,13814,255,13,95,large,200,489400,35355,372.16,57086,432314,11.0,0.93,0.03,0.01
WH401,Seattle,3759,1018,3,3,17,60495,S810,Apparel,6247,4.66,9.68,1.75,41287,4925,11217,124,40,98,large,50,312350,44353,452.58,60495,251855,8.0,3.69,0.09,0.01
WH440,San Francisco,3296,3925,2,5,14,31611,S429,Groceries,4216,4.15,1.61,3.82,34858,2509,2403,159,45,40,medium,20,84320,26699,667.48,31611,52709,9.0,0.84,0.09,0.01
WH269,Miami,1573,2459,5,6,6,44851,S863,Apparel,5249,0.56,9.4,4.99,35387,17511,14135,249,22,69,medium,50,262450,13205,191.38,44851,217599,7.0,0.64,0.04,0.0
WH280,San Francisco,3364,3219,10,3,9,72445,S396,Furniture,7808,1.67,0.73,4.62,11340,16014,5555,150,17,70,small,200,1561600,50876,726.8,72445,1489155,5.0,1.05,0.3,0.0
WH224,New York,2460,509,4,1,18,51625,S634,Automotive,5160,3.23,3.45,1.77,25172,19245,13942,247,25,15,medium,500,2580000,18438,1229.2,51625,2528375,4.0,4.83,0.1,0.0
WH195,New York,833,3175,4,3,6,95174,S346,Apparel,5369,1.61,6.91,2.75,46936,11659,13600,20,29,35,large,50,268450,69915,1997.57,95174,173276,5.0,0.26,0.02,0.01
WH242,Atlanta,3010,1765,2,1,18,34994,S136,Furniture,7756,1.43,1.83,1.91,47303,14519,9948,245,45,47,large,200,1551200,10527,223.98,34994,1516206,2.0,1.71,0.06,0.01
WH375,Denver,4991,3810,7,3,15,89876,S372,Automotive,7625,1.33,5.4,2.28,11753,1898,8285,120,49,52,small,500,3812500,79693,1532.56,89876,3722624,4.0,1.31,0.42,0.01
WH099,Miami,4998,1200,9,7,16,64791,S411,Furniture,6075,0.76,5.71,3.86,35815,2792,11106,256,47,78,medium,200,1215000,50893,652.47,64791,1150209,8.0,4.16,0.14,0.01
WH216,New York,2492,2973,9,5,23,47857,S201,Apparel,2441,2.63,8.66,1.22,49704,8597,676,283,36,65,large,50,122050,38584,593.6,47857,74193,8.0,0.84,0.05,0.01
WH187,Atlanta,1298,4148,10,5,10,70464,S684,Apparel,2619,3.15,4.97,4.65,20213,10252,6489,24,8,27,small,50,130950,53723,1989.74,70464,60486,8.0,0.31,0.06,0.0
WH434,New York,3535,4561,8,7,19,66003,S677,Electronics,9752,4.76,6.97,2.9,27446,4070,2268,6,33,27,medium,100,975200,59665,2209.81,66003,909197,12.0,0.78,0.13,0.0
WH388,Dallas,2595,4478,8,2,23,36726,S813,Electronics,7212,2.73,3.88,1.23,13371,5624,6640,166,27,60,small,100,721200,24462,407.7,36726,684474,5.0,0.58,0.19,0.0
WH044,Miami,1697,3299,4,5,17,87372,S501,Groceries,8936,2.58,4.13,1.64,44716,6489,14212,47,31,30,large,20,178720,66671,2222.37,87372,91348,8.0,0.51,0.04,0.0
WH471,Chicago,1312,3307,6,5,24,96271,S136,Groceries,1605,0.69,7.59,3.42,43037,11793,3716,73,18,93,large,20,32100,80762,868.41,96271,-64171,6.0,0.4,0.03,0.01
WH162,Seattle,1443,1157,4,4,18,76947,S109,Automotive,3327,0.99,6.9,1.26,23449,18784,11728,259,20,38,medium,500,1663500,46435,1221.97,76947,1586553,5.0,1.25,0.06,0.01
WH197,Seattle,3327,3799,9,4,13,34130,S309,Furniture,1450,3.44,3.58,3.35,28103,10754,1809,36,5,30,medium,200,290000,21567,718.9,34130,255870,7.0,0.88,0.12,0.0
WH007,Miami,3165,4971,9,4,16,98563,S312,Electronics,7138,3.31,1.51,4.48,17714,15161,13676,38,37,46,small,100,713800,69726,1515.78,98563,615237,7.0,0.64,0.18,0.01
WH124,New York,1340,2971,6,7,25,79393,S819,Automotive,5874,1.06,7.42,3.96,33504,9168,1607,140,20,12,medium,500,2937000,68618,5718.17,79393,2857607,8.0,0.45,0.04,0.0
WH343,Denver,857,4872,7,3,21,66122,S771,Apparel,1948,0.91,6.18,1.14,33036,2440,8450,82,27,44,medium,50,97400,55232,1255.27,66122,31278,4.0,0.18,0.03,0.01
WH466,San Francisco,2791,3728,10,5,6,53951,S211,Groceries,4632,2.98,0.89,1.62,49896,7065,557,2,26,43,large,20,92640,46329,1077.42,53951,38689,8.0,0.75,0.06,0.01
WH127,Miami,2334,5100,7,4,6,77838,S347,Electronics,9465,4.29,4.3,1.44,30756,13127,1215,125,44,100,medium,100,946500,63496,634.96,77838,868662,8.0,0.46,0.08,0.0
WH156,Los Angeles,2798,1481,6,4,23,30568,S920,Apparel,8115,4.89,6.81,2.34,22257,1110,5314,292,10,81,small,50,405750,24144,298.07,30568,375182,9.0,1.89,0.13,0.0
WH079,Chicago,4813,2247,6,7,14,58707,S491,Apparel,7205,4.2,4.57,3.77,30328,11105,3728,206,48,40,medium,50,360250,43874,1096.85,58707,301543,11.0,2.14,0.16,0.01
WH022,Houston,2651,4180,6,1,5,40114,S571,Groceries,9713,1.74,2.58,2.19,26441,16376,3721,216,37,83,medium,20,194260,20017,241.17,40114,154146,3.0,0.63,0.1,0.0
WH270,Dallas,532,4281,8,4,11,87888,S184,Furniture,6644,3.48,1.51,1.5,48750,18999,9465,279,8,53,large,200,1328800,59424,1121.21,87888,1240912,7.0,0.12,0.01,0.0
WH263,Los Angeles,2607,4256,3,2,13,94791,S892,Apparel,6189,4.39,2.49,3.35,10928,15210,10826,137,1,37,small,50,309450,68755,1858.24,94791,214659,6.0,0.61,0.24,0.0
WH466,Los Angeles,3954,4082,7,2,13,86732,S219,Automotive,2398,3.43,5.44,2.32,10369,5264,2813,283,22,86,small,500,1199000,78655,914.59,86732,1112268,5.0,0.97,0.38,0.01
WH254,Dallas,3708,2235,7,5,17,36749,S521,Furniture,6759,4.25,6.03,4.25,36428,7985,9161,98,35,23,medium,200,1351800,19603,852.3,36749,1315051,9.0,1.66,0.1,0.01
WH141,Denver,980,2070,7,4,18,96843,S119,Automotive,8159,4.04,5.64,2.04,15824,10856,12927,70,41,52,small,500,4079500,73060,1405.0,96843,3982657,8.0,0.47,0.06,0.01
WH295,Denver,1834,1077,7,7,16,37429,S396,Groceries,4210,3.15,1.76,3.9,12488,10894,10745,164,12,6,small,20,84200,15790,2631.67,37429,46771,10.0,1.7,0.15,0.0
WH050,Seattle,4324,1831,3,4,17,43981,S921,Groceries,1393,1.13,7.11,1.74,46359,14236,13470,70,5,89,large,20,27860,16275,182.87,43981,-16121,5.0,2.36,0.09,0.0
WH228,New York,2548,4355,6,5,18,95645,S558,Groceries,4284,4.77,6.61,1.96,44370,8185,5267,248,18,88,large,20,85680,82193,934.01,95645,-9965,10.0,0.59,0.06,0.0
WH125,Denver,3380,5055,6,4,24,66402,S735,Groceries,5544,2.23,8.51,1.29,23744,13811,9053,146,4,85,medium,20,110880,43538,512.21,66402,44478,6.0,0.67,0.14,0.0
WH006,Atlanta,1314,4858,5,2,18,42837,S955,Groceries,3448,2.17,5.84,2.87,15353,16110,7856,70,42,31,small,20,68960,18871,608.74,42837,26123,4.0,0.27,0.09,0.01
WH043,Miami,570,4885,4,5,7,57506,S167,Groceries,4262,3.22,4.22,2.93,16459,19635,13095,61,1,62,small,20,85240,24776,399.61,57506,27734,8.0,0.12,0.03,0.0
WH250,San Francisco,528,1982,2,1,9,80086,S230,Groceries,1513,3.64,2.15,2.59,30525,18993,7758,49,34,36,medium,20,30260,53335,1481.53,80086,-49826,5.0,0.27,0.02,0.02
WH306,Houston,4942,4080,5,3,25,44339,S210,Groceries,9609,3.93,0.51,1.25,46227,9557,8166,102,37,20,large,20,192180,26616,1330.8,44339,147841,7.0,1.21,0.11,0.0
WH018,Miami,2482,516,2,2,17,79112,S491,Apparel,2238,2.3,1.76,4.09,24140,15962,4290,292,23,70,medium,50,111900,58860,840.86,79112,32788,4.0,4.81,0.1,0.01
WH055,Dallas,3790,2904,8,4,13,80868,S929,Groceries,3819,0.79,6.45,4.7,18187,16069,12253,248,49,31,small,20,76380,52546,1695.03,80868,-4488,5.0,1.31,0.21,0.01
WH454,Los Angeles,2838,3097,4,5,24,52345,S856,Groceries,1932,3.24,3.16,1.22,41612,2593,12276,9,33,22,large,20,38640,37476,1703.45,52345,-13705,8.0,0.92,0.07,0.02
WH178,Atlanta,1055,3915,9,1,16,93626,S917,Automotive,6077,1.38,3.19,2.61,13099,12517,8893,283,37,99,small,500,3038500,72216,729.45,93626,2944874,2.0,0.27,0.08,0.01
WH486,Seattle,2163,4952,7,6,10,63033,S768,Automotive,3870,0.9,7.79,4.0,26467,18771,5622,160,49,59,medium,500,1935000,38640,654.92,63033,1871967,7.0,0.44,0.08,0.01
WH107,San Francisco,3237,4641,5,1,18,89202,S218,Automotive,8491,2.37,7.64,3.94,24438,17255,12267,136,8,7,medium,500,4245500,59680,8525.71,89202,4156298,3.0,0.7,0.13,0.0
WH242,Miami,1440,1135,2,2,22,64823,S471,Apparel,2917,3.75,9.61,3.37,40012,18694,5063,49,8,67,large,50,145850,41066,612.93,64823,81027,6.0,1.27,0.04,0.0
WH353,San Francisco,3119,4223,2,7,7,34027,S763,Electronics,5461,1.95,8.49,2.49,46381,6415,861,71,38,8,large,100,546100,26751,3343.88,34027,512073,9.0,0.74,0.07,0.01
WH477,Miami,938,4245,5,4,23,52190,S601,Automotive,7383,4.57,4.31,2.66,13574,11663,7327,209,14,63,small,500,3691500,33200,526.98,52190,3639310,9.0,0.22,0.07,0.0
WH189,San Francisco,783,1310,6,3,5,97457,S733,Electronics,2030,2.34,1.01,2.15,33885,1985,6261,257,23,71,medium,100,203000,89211,1256.49,97457,105543,5.0,0.6,0.02,0.01
WH097,Houston,4588,4176,2,3,15,73887,S744,Electronics,9762,2.28,6.34,3.19,15219,5923,7977,238,26,26,small,100,976200,59987,2307.19,73887,902313,5.0,1.1,0.3,0.0
WH174,Los Angeles,2771,4542,10,1,8,89581,S508,Electronics,8717,1.28,6.99,4.15,45941,17813,9555,190,34,91,large,100,871700,62213,683.66,89581,782119,2.0,0.61,0.06,0.0
WH153,Atlanta,3630,956,9,7,7,45897,S517,Apparel,3023,2.74,5.33,2.58,16306,10185,14293,96,41,25,small,50,151150,21419,856.76,45897,105253,10.0,3.8,0.22,0.01
WH334,Los Angeles,4069,1971,5,4,11,41108,S456,Groceries,2308,4.04,2.19,1.08,37238,12903,7918,121,24,14,medium,20,46160,20287,1449.07,41108,5052,8.0,2.06,0.11,0.01
WH082,San Francisco,4892,1083,7,5,19,97049,S183,Electronics,5580,3.67,0.9,1.18,15458,14880,14212,9,49,6,small,100,558000,67957,11326.17,97049,460951,9.0,4.52,0.32,0.01
WH125,Seattle,1085,3932,2,1,10,31964,S539,Electronics,5896,4.53,0.98,4.85,34914,15079,12423,271,13,41,medium,100,589600,4462,108.83,31964,557636,6.0,0.28,0.03,0.0
WH347,Seattle,1133,3203,2,1,17,85331,S395,Apparel,2526,3.4,5.04,4.47,37204,7396,11618,129,33,51,medium,50,126300,66317,1300.33,85331,40969,4.0,0.35,0.03,0.01
WH425,Dallas,1070,4667,5,5,15,94026,S466,Furniture,9375,3.5,9.11,4.25,29777,8675,5657,28,1,70,medium,200,1875000,79694,1138.49,94026,1780974,8.0,0.23,0.04,0.0
WH153,Seattle,2783,3089,6,4,20,31379,S147,Automotive,5599,3.85,5.18,4.14,34966,9430,7684,210,32,91,medium,500,2799500,14265,156.76,31379,2768121,8.0,0.9,0.08,0.01
WH458,Dallas,2956,591,7,4,11,68101,S816,Apparel,8829,3.31,5.85,3.9,34314,19128,9077,197,37,73,medium,50,441450,39896,546.52,68101,373349,7.0,5.0,0.09,0.0
WH362,San Francisco,1105,1494,4,7,16,86457,S396,Automotive,8357,1.32,1.46,1.41,44544,4098,7715,131,3,22,large,500,4178500,74644,3392.91,86457,4092043,8.0,0.74,0.02,0.0
WH185,Atlanta,4025,1348,3,2,6,32278,S134,Automotive,2457,0.72,6.89,1.23,22903,1778,4901,249,5,46,small,500,1228500,25599,556.5,32278,1196222,3.0,2.99,0.18,0.0
WH254,Atlanta,4276,3468,10,1,16,44679,S410,Furniture,6997,3.56,1.19,1.79,25956,1174,14281,122,6,54,medium,200,1399400,29224,541.19,44679,1354721,5.0,1.23,0.16,0.0
WH472,New York,4067,2378,5,7,8,55131,S214,Automotive,8284,2.69,7.81,1.68,40549,17999,12708,226,12,46,large,500,4142000,24424,530.96,55131,4086869,10.0,1.71,0.1,0.0
WH315,Los Angeles,2253,2408,7,4,5,78804,S722,Furniture,9539,3.94,1.61,4.15,17822,14959,4780,61,42,74,small,200,1907800,59065,798.18,78804,1828996,8.0,0.94,0.13,0.0
WH233,Denver,3633,3446,10,4,5,80642,S398,Furniture,8647,4.68,9.48,1.87,40696,5691,2231,278,3,33,large,200,1729400,72720,2203.64,80642,1648758,9.0,1.05,0.09,0.0
WH039,New York,4625,2143,4,1,19,77994,S711,Groceries,6810,3.74,9.39,4.34,37574,5501,11572,20,2,18,large,20,136200,60921,3384.5,77994,58206,5.0,2.16,0.12,0.0
WH378,Denver,3385,3251,5,4,5,46917,S586,Automotive,6447,1.38,9.53,2.68,14836,12091,8644,175,0,28,small,500,3223500,26182,935.07,46917,3176583,5.0,1.04,0.23,0.0
WH082,Dallas,3756,1623,8,2,25,83069,S801,Apparel,4363,4.84,6.29,2.35,48455,5138,12163,276,43,18,large,50,218150,65768,3653.78,83069,135081,7.0,2.31,0.08,0.01
WH010,Atlanta,853,4822,2,6,25,30777,S616,Furniture,7854,2.9,4.61,1.25,13624,8451,6198,241,40,88,small,200,1570800,16128,183.27,30777,1540023,9.0,0.18,0.06,0.01
WH232,Los Angeles,1999,4340,10,4,25,59472,S365,Furniture,4602,4.09,4.46,4.56,20435,6118,12838,265,36,33,small,200,920400,40516,1227.76,59472,860928,8.0,0.46,0.1,0.01
WH205,San Francisco,4855,4555,7,6,13,44452,S450,Apparel,7850,3.16,1.41,4.64,29113,5476,3787,35,10,68,medium,50,392500,35189,517.49,44452,348048,9.0,1.07,0.17,0.0
WH236,Atlanta,4793,4845,4,5,6,76581,S511,Apparel,7472,2.49,1.69,3.66,40975,8669,5610,79,35,92,large,50,373600,62302,677.2,76581,297019,7.0,0.99,0.12,0.0
WH331,San Francisco,2710,2793,7,2,22,40686,S857,Electronics,5156,4.15,5.69,3.16,33721,5159,9866,227,30,86,medium,100,515600,25661,298.38,40686,474914,6.0,0.97,0.08,0.01
WH221,Dallas,4693,2590,6,2,9,68367,S923,Apparel,2077,3.69,1.12,3.2,16068,12663,13144,106,12,19,small,50,103850,42560,2240.0,68367,35483,6.0,1.81,0.29,0.01
WH420,Denver,3177,3658,9,6,11,51099,S334,Automotive,4728,2.23,3.23,4.71,38501,15641,12475,131,4,28,large,500,2364000,22983,820.82,51099,2312901,8.0,0.87,0.08,0.0
WH178,Atlanta,2897,5133,10,5,12,55488,S840,Automotive,9032,3.0,5.73,3.97,41563,15830,13589,144,49,24,large,500,4516000,26069,1086.21,55488,4460512,8.0,0.56,0.07,0.01
WH009,Atlanta,3113,639,3,5,21,73388,S520,Groceries,5139,0.68,2.35,1.21,42738,1938,10983,29,0,19,large,20,102780,60467,3182.47,73388,29392,6.0,4.87,0.07,0.0
WH266,Miami,4262,4453,4,7,20,47772,S644,Automotive,4193,2.02,9.41,2.41,21690,16433,1907,16,15,9,small,500,2096500,29432,3270.22,47772,2048728,9.0,0.96,0.2,0.0
WH054,Denver,562,2584,7,7,22,70573,S342,Groceries,8087,0.89,3.92,3.61,10919,17110,3204,216,2,86,small,20,161740,50259,584.41,70573,91167,8.0,0.22,0.05,0.0
WH297,Chicago,1377,3852,10,2,13,32573,S940,Furniture,4851,2.57,4.98,4.03,22061,7161,13990,275,9,75,small,200,970200,11422,152.29,32573,937627,5.0,0.36,0.06,0.0
WH068,Chicago,3237,4628,2,2,15,82698,S325,Automotive,8869,2.3,3.54,2.56,22298,2024,5966,95,39,44,small,500,4434500,74708,1697.91,82698,4351802,4.0,0.7,0.15,0.0
WH496,Miami,4862,4621,10,6,5,87939,S804,Apparel,2900,1.12,9.41,1.86,45518,13888,8672,264,41,62,large,50,145000,65379,1054.5,87939,57061,7.0,1.05,0.11,0.01
WH478,Houston,789,1746,9,6,23,79365,S453,Automotive,3171,2.74,9.32,3.78,43927,5602,12965,254,9,65,large,500,1585500,60798,935.35,79365,1506135,9.0,0.45,0.02,0.0
WH129,Seattle,3104,4771,2,2,25,80079,S187,Electronics,3050,3.3,9.62,4.14,25046,18888,9374,172,19,58,medium,100,305000,51817,893.4,80079,224921,5.0,0.65,0.12,0.01
WH093,Atlanta,1435,5167,10,3,18,53504,S868,Furniture,6151,3.5,1.65,2.72,16295,3196,14151,114,44,13,small,200,1230200,36157,2781.31,53504,1176696,6.0,0.28,0.09,0.01
WH414,Chicago,4473,2730,10,7,21,32188,S557,Groceries,3435,4.71,1.38,2.14,17183,2226,9199,87,14,17,small,20,68700,20763,1221.35,32188,36512,12.0,1.64,0.26,0.0
WH100,Los Angeles,1859,4489,5,4,23,34451,S211,Groceries,9634,0.51,3.21,1.1,29322,18781,7428,269,47,59,medium,20,192680,8242,139.69,34451,158229,5.0,0.41,0.06,0.0
WH013,Miami,4214,2516,5,7,8,46897,S998,Furniture,2027,4.12,7.62,4.69,44903,18844,8447,26,12,35,large,200,405400,19606,560.17,46897,358503,11.0,1.67,0.09,0.01
WH422,Los Angeles,3561,402,10,3,9,53249,S890,Automotive,2809,3.89,8.87,3.22,37169,12529,8799,125,2,50,medium,500,1404500,31921,638.42,53249,1351251,7.0,8.86,0.1,0.0
WH287,Dallas,3298,408,7,3,9,32024,S971,Groceries,6968,2.76,7.88,3.28,10604,5177,10228,149,30,19,small,20,139360,16619,874.68,32024,107336,6.0,8.08,0.31,0.0
WH054,Atlanta,2677,4517,7,5,15,88414,S924,Electronics,8398,2.5,5.43,2.02,13407,19481,4614,228,3,93,small,100,839800,64319,691.6,88414,751386,8.0,0.59,0.2,0.0
WH258,Houston,1665,1457,2,5,13,56498,S669,Automotive,1525,1.18,4.36,3.07,30826,10751,14777,58,31,74,medium,500,762500,30970,418.51,56498,706002,6.0,1.14,0.05,0.02
WH136,New York,4421,3181,10,5,11,47922,S851,Electronics,1038,3.85,7.85,4.18,27494,19822,10759,236,35,86,medium,100,103800,17341,201.64,47922,55878,9.0,1.39,0.16,0.03
WH312,Dallas,4808,1153,10,6,19,34386,S471,Groceries,9223,0.83,0.79,3.71,46284,16981,11539,238,19,39,large,20,184460,5866,150.41,34386,150074,7.0,4.17,0.1,0.0
WH483,Miami,583,3301,2,6,21,45378,S498,Automotive,4534,0.83,2.21,1.44,33922,7619,14413,298,13,23,medium,500,2267000,23346,1015.04,45378,2221622,7.0,0.18,0.02,0.0
WH307,Chicago,2535,670,10,5,7,86852,S105,Electronics,9709,2.39,1.47,2.79,38167,2813,9918,64,15,44,large,100,970900,74121,1684.57,86852,884048,7.0,3.78,0.07,0.0
WH096,Denver,876,4572,8,4,21,51273,S529,Automotive,1549,4.74,4.38,3.68,42787,16048,12204,164,31,44,large,500,774500,23021,523.2,51273,723227,9.0,0.19,0.02,0.02
WH037,Houston,1389,1881,3,2,17,48242,S860,Apparel,2669,2.74,1.13,4.51,16071,5523,4816,2,45,18,small,50,133450,37903,2105.72,48242,85208,5.0,0.74,0.09,0.02
WH319,Dallas,3321,3357,9,1,16,64265,S709,Furniture,4167,3.67,2.63,3.4,44887,2797,9671,245,12,71,large,200,833400,51797,729.54,64265,769135,5.0,0.99,0.07,0.0
WH039,Miami,874,3644,7,3,8,87744,S724,Furniture,7033,2.7,7.27,1.3,11714,8626,3739,80,48,38,small,200,1406600,75379,1983.66,87744,1318856,6.0,0.24,0.07,0.01
WH379,Seattle,1431,4199,5,4,8,73889,S537,Furniture,2413,2.96,1.95,3.85,33343,7383,6215,96,36,60,medium,200,482600,60291,1004.85,73889,408711,7.0,0.34,0.04,0.01
WH165,Dallas,4585,1133,7,2,16,59096,S255,Apparel,7346,3.06,8.12,2.71,10927,7768,3878,15,24,59,small,50,367300,47450,804.24,59096,308204,5.0,4.05,0.42,0.0
WH228,Dallas,3000,2800,7,6,17,68570,S549,Groceries,3022,2.07,1.73,2.08,17122,4512,14576,241,39,93,small,20,60440,49482,532.06,68570,-8130,8.0,1.07,0.18,0.01
WH095,Denver,4376,3250,9,4,12,92958,S428,Furniture,2486,3.75,2.17,1.91,15561,18118,2657,44,50,96,small,200,497200,72183,751.91,92958,404242,8.0,1.35,0.28,0.02
WH458,Seattle,1930,1690,2,5,14,59326,S305,Apparel,4275,0.84,1.02,2.29,11992,10108,558,3,22,62,small,50,213750,48660,784.84,59326,154424,6.0,1.14,0.16,0.01
WH111,New York,1306,2568,4,1,6,99648,S417,Apparel,7126,1.72,5.42,4.2,10857,14934,5552,292,24,12,small,50,356300,79162,6596.83,99648,256652,3.0,0.51,0.12,0.0
WH063,Denver,519,4714,10,7,13,48320,S782,Furniture,1845,2.56,9.64,4.35,46938,13318,3878,127,50,23,large,200,369000,31124,1353.22,48320,320680,10.0,0.11,0.01,0.03
WH195,Miami,1618,499,8,3,5,76517,S746,Apparel,6348,3.33,6.98,3.87,31711,4840,7402,65,50,33,medium,50,317400,64275,1947.73,76517,240883,6.0,3.24,0.05,0.01
WH033,New York,2148,3006,8,6,18,78909,S779,Apparel,9780,2.5,9.27,1.61,40292,17468,13194,267,22,88,large,50,489000,48247,548.26,78909,410091,8.0,0.71,0.05,0.0
WH290,San Francisco,1252,4500,3,4,17,70261,S111,Groceries,1988,3.15,6.03,3.31,38812,18418,12601,274,17,34,large,20,39760,39242,1154.18,70261,-30501,7.0,0.28,0.03,0.01
WH033,Denver,1877,1816,2,4,7,67582,S996,Electronics,9526,4.25,8.73,4.11,23562,4158,862,169,39,47,medium,100,952600,62562,1331.11,67582,885018,8.0,1.03,0.08,0.0
WH492,Dallas,4910,2192,10,6,18,80267,S508,Groceries,1004,4.83,7.4,4.7,23954,13725,8905,66,5,48,medium,20,20080,57637,1200.77,80267,-60187,11.0,2.24,0.2,0.0
WH196,San Francisco,4812,751,10,6,21,33970,S813,Electronics,2245,3.0,5.92,3.02,10905,18866,7405,108,10,75,small,100,224500,7699,102.65,33970,190530,9.0,6.41,0.44,0.0
WH054,New York,3234,4239,8,7,17,53723,S156,Electronics,8678,3.37,6.24,4.16,18257,18102,8880,74,41,61,small,100,867800,26741,438.38,53723,814077,10.0,0.76,0.18,0.0
WH462,Atlanta,3142,2856,9,4,15,97968,S728,Automotive,3289,2.68,2.43,1.83,18089,19529,7146,223,15,86,small,500,1644500,71293,828.99,97968,1546532,7.0,1.1,0.17,0.0
WH221,Chicago,4943,3956,4,3,15,93573,S697,Electronics,5874,0.77,1.73,4.33,11235,7855,14611,76,44,28,small,100,587400,71107,2539.54,93573,493827,4.0,1.25,0.44,0.01
WH251,Denver,3252,4110,9,1,23,31002,S244,Apparel,7620,4.23,4.9,4.39,26329,2308,9978,268,34,84,medium,50,381000,18716,222.81,31002,349998,5.0,0.79,0.12,0.0
WH118,Seattle,2936,1810,7,1,15,85788,S871,Electronics,2984,0.97,5.26,2.08,12727,1632,12062,260,41,56,small,100,298400,72094,1287.39,85788,212612,2.0,1.62,0.23,0.01
WH358,Houston,1336,2299,3,7,16,58287,S207,Automotive,6728,0.86,4.67,3.33,41200,3103,9223,270,5,65,large,500,3364000,45961,707.09,58287,3305713,8.0,0.58,0.03,0.0
WH225,San Francisco,2338,2984,5,6,16,99158,S273,Furniture,9782,3.9,7.3,1.76,49023,13849,14520,249,8,64,large,200,1956400,70789,1106.08,99158,1857242,10.0,0.78,0.05,0.0
WH353,Atlanta,1817,5158,7,3,18,80216,S968,Groceries,5974,3.47,6.36,4.44,39379,8720,13741,158,11,96,large,20,119480,57755,601.61,80216,39264,6.0,0.35,0.05,0.0
WH420,San Francisco,3889,4046,2,2,20,66747,S595,Apparel,4067,4.72,7.87,4.41,39899,19918,1522,149,7,21,large,50,203350,45307,2157.48,66747,136603,7.0,0.96,0.1,0.0
WH239,Miami,2435,3823,10,1,15,55720,S284,Groceries,3797,3.47,3.16,3.79,46320,6255,7436,25,24,29,large,20,75940,42029,1449.28,55720,20220,4.0,0.64,0.05,0.01
WH491,Miami,4508,2131,5,2,11,72094,S232,Automotive,5076,1.8,2.57,4.61,10464,13887,5737,110,6,75,small,500,2538000,52470,699.6,72094,2465906,4.0,2.12,0.43,0.0
WH465,Houston,4939,2881,10,6,14,82802,S505,Groceries,9078,0.53,1.29,4.19,29356,10599,951,137,27,23,medium,20,181560,71252,3097.91,82802,98758,7.0,1.71,0.17,0.0
WH439,Dallas,3555,4504,5,6,16,49831,S925,Electronics,4434,3.25,6.81,3.57,40412,4257,7568,141,45,91,large,100,443400,38006,417.65,49831,393569,9.0,0.79,0.09,0.01
WH422,Miami,1219,4620,8,4,12,87187,S138,Automotive,3844,2.95,7.15,1.49,13414,2093,8128,274,49,23,small,500,1922000,76966,3346.35,87187,1834813,7.0,0.26,0.09,0.01
WH162,Chicago,2737,1503,5,3,17,72351,S256,Electronics,6939,4.45,4.06,2.51,42643,7212,8668,0,46,78,large,100,693900,56471,723.99,72351,621549,7.0,1.82,0.06,0.01
WH381,Los Angeles,3835,969,9,2,5,62446,S325,Furniture,3646,4.94,5.12,1.0,22411,6006,6845,77,18,15,small,200,729200,49595,3306.33,62446,666754,7.0,3.96,0.17,0.0
WH433,San Francisco,1011,4060,5,5,21,76238,S963,Apparel,3308,3.42,7.17,2.41,34918,2038,14626,258,46,48,medium,50,165400,59574,1241.12,76238,89162,8.0,0.25,0.03,0.01
WH417,Denver,3017,3410,7,7,16,95929,S365,Automotive,5507,3.81,9.44,1.23,41470,15077,13522,242,44,58,large,500,2753500,67330,1160.86,95929,2657571,11.0,0.88,0.07,0.01
WH271,Houston,2190,4409,5,7,21,99472,S891,Furniture,3787,4.71,1.17,3.32,39709,11486,4392,80,13,71,large,200,757400,83594,1177.38,99472,657928,12.0,0.5,0.06,0.0
WH349,Los Angeles,2308,724,5,1,16,92173,S273,Electronics,3727,4.9,9.99,2.89,49852,12760,11568,240,36,31,large,100,372700,67845,2188.55,92173,280527,6.0,3.19,0.05,0.01
WH026,Houston,1992,4773,5,4,12,36291,S219,Groceries,4612,1.79,4.67,1.7,16817,11598,10070,107,48,37,small,20,92240,14623,395.22,36291,55949,6.0,0.42,0.12,0.01
WH347,Atlanta,1284,4240,8,5,24,91504,S898,Groceries,8173,0.75,5.2,2.39,14075,3025,12889,172,31,10,small,20,163460,75590,7559.0,91504,71956,6.0,0.3,0.09,0.0
WH219,Dallas,3921,4064,10,3,16,46284,S648,Furniture,7361,1.1,9.99,3.08,42770,11017,1729,99,45,13,large,200,1472200,33538,2579.85,46284,1425916,4.0,0.96,0.09,0.01
WH444,New York,2214,1757,10,7,25,34912,S677,Apparel,9432,3.13,2.09,2.08,15788,10598,3113,233,48,52,small,50,471600,21201,407.71,34912,436688,10.0,1.26,0.14,0.01
WH393,Denver,3352,1825,9,4,8,65532,S403,Automotive,7382,0.86,2.6,4.07,45742,6788,11258,48,16,44,large,500,3691000,47486,1079.23,65532,3625468,5.0,1.84,0.07,0.0
WH121,Dallas,4422,3216,3,6,19,51038,S596,Automotive,8910,1.7,7.91,4.56,31151,12442,3752,179,34,26,medium,500,4455000,34844,1340.15,51038,4403962,8.0,1.38,0.14,0.0
WH366,New York,3904,1956,6,6,16,96162,S473,Groceries,4401,3.55,6.06,3.48,26040,3997,1846,277,34,36,medium,20,88020,90319,2508.86,96162,-8142,10.0,2.0,0.15,0.01
WH420,Houston,778,4266,6,5,18,36339,S645,Furniture,6029,1.77,3.2,1.63,33230,18911,2535,291,15,69,medium,200,1205800,14893,215.84,36339,1169461,7.0,0.18,0.02,0.0
WH324,Los Angeles,1691,4729,4,5,24,98302,S501,Apparel,1842,1.2,9.75,4.23,19745,19929,14181,205,6,12,small,50,92100,64192,5349.33,98302,-6202,6.0,0.36,0.09,0.0
WH363,Denver,3150,4731,9,4,17,52286,S612,Electronics,1253,1.46,6.15,4.33,28836,18445,4379,142,10,67,medium,100,125300,29462,439.73,52286,73014,5.0,0.67,0.11,0.01
WH030,New York,3930,1197,10,1,13,66480,S123,Apparel,9448,2.58,8.33,3.61,36144,3341,6868,214,36,34,medium,50,472400,56271,1655.03,66480,405920,4.0,3.28,0.11,0.0
WH119,Miami,1100,2919,9,5,16,79205,S795,Groceries,5735,4.51,7.68,4.63,28489,5217,14484,147,36,74,medium,20,114700,59504,804.11,79205,35495,10.0,0.38,0.04,0.01
WH314,New York,794,2163,8,6,11,93008,S443,Groceries,1448,3.85,1.07,1.55,25387,5083,5620,97,41,9,medium,20,28960,82305,9145.0,93008,-64048,10.0,0.37,0.03,0.03
WH436,New York,4553,955,5,7,7,77040,S989,Furniture,4390,2.77,2.54,3.86,32777,11404,2328,5,22,8,medium,200,878000,63308,7913.5,77040,800960,10.0,4.77,0.14,0.01
WH390,Dallas,3530,1066,8,1,19,68576,S927,Furniture,2204,1.2,9.38,4.26,15844,11824,13391,277,7,28,small,200,440800,43361,1548.61,68576,372224,2.0,3.31,0.22,0.0
WH204,New York,4161,4769,2,6,25,64773,S364,Furniture,7505,4.85,5.89,1.57,27050,4514,2645,98,46,50,medium,200,1501000,57614,1152.28,64773,1436227,11.0,0.87,0.15,0.01
WH032,Atlanta,3103,1480,8,3,13,79160,S386,Furniture,9252,3.03,8.19,1.08,19103,7872,1947,131,0,14,small,200,1850400,69341,4952.93,79160,1771240,6.0,2.1,0.16,0.0
WH313,Chicago,2208,1610,3,7,11,34878,S612,Apparel,8124,1.42,3.39,1.39,23458,16194,1647,72,47,89,medium,50,406200,17037,191.43,34878,371322,8.0,1.37,0.09,0.01
WH187,Dallas,1010,4507,5,6,20,61693,S488,Groceries,3900,2.52,4.67,3.06,14077,12042,5816,271,9,23,small,20,78000,43835,1905.87,61693,16307,9.0,0.22,0.07,0.0
WH490,Los Angeles,1734,3809,10,5,7,85301,S387,Groceries,1535,4.6,6.02,3.19,42089,19944,8555,164,37,67,large,20,30700,56802,847.79,85301,-54601,10.0,0.46,0.04,0.02
WH396,Los Angeles,4689,620,7,2,9,96508,S142,Electronics,2833,4.11,8.82,2.74,10597,19812,13221,144,8,79,small,100,283300,63475,803.48,96508,186792,6.0,7.56,0.44,0.0
WH075,Houston,2578,4206,2,4,8,73583,S771,Furniture,5971,4.52,7.36,4.17,47323,11323,11581,153,11,79,large,200,1194200,50679,641.51,73583,1120617,9.0,0.61,0.05,0.0
WH257,Houston,839,2010,10,1,13,69694,S708,Apparel,4652,1.54,7.65,2.08,41031,19979,13698,289,26,90,large,50,232600,36017,400.19,69694,162906,3.0,0.42,0.02,0.01
WH380,Denver,1295,1850,8,2,6,86908,S873,Automotive,7556,4.15,4.04,2.89,10776,2975,2045,45,6,12,small,500,3778000,81888,6824.0,86908,3691092,6.0,0.7,0.12,0.0
WH286,Denver,4552,2103,10,3,19,74330,S454,Apparel,7955,1.77,3.86,2.11,22787,4803,1858,143,41,98,small,50,397750,67669,690.5,74330,323420,5.0,2.16,0.2,0.01
WH076,Houston,2468,1696,8,2,17,73989,S635,Furniture,8653,1.41,9.63,3.57,20971,7064,8104,113,23,100,small,200,1730600,58821,588.21,73989,1656611,3.0,1.46,0.12,0.0
WH387,Atlanta,2420,3470,6,6,24,32599,S872,Groceries,2840,4.91,9.24,3.27,16208,16299,10144,50,2,54,small,20,56800,6156,114.0,32599,24201,11.0,0.7,0.15,0.0
WH342,Los Angeles,802,1651,5,5,25,98483,S928,Furniture,5708,3.84,7.2,3.7,42957,11639,14914,34,28,86,large,200,1141600,71930,836.4,98483,1043117,9.0,0.49,0.02,0.0
WH453,New York,1322,4183,9,7,13,73377,S434,Automotive,6710,3.28,7.01,1.16,42688,4554,936,299,33,44,large,500,3355000,67887,1542.89,73377,3281623,10.0,0.32,0.03,0.0
WH473,Atlanta,4966,4469,10,7,5,33179,S181,Electronics,8446,4.38,8.29,4.28,25568,18319,7078,227,32,77,medium,100,844600,7782,101.06,33179,811421,11.0,1.11,0.19,0.0
WH195,Los Angeles,2482,1780,9,6,12,74035,S188,Automotive,3562,0.71,7.12,3.15,47194,1901,12651,222,13,95,large,500,1781000,59483,626.14,74035,1706965,7.0,1.39,0.05,0.0
WH419,Seattle,4615,2767,7,3,14,57295,S112,Furniture,9618,2.38,4.36,3.75,28007,3193,9014,13,36,57,medium,200,1923600,45088,791.02,57295,1866305,5.0,1.67,0.16,0.0
WH315,New York,1864,4837,5,1,5,82497,S709,Furniture,4968,1.4,1.54,3.95,49764,6405,8691,138,16,28,large,200,993600,67401,2407.18,82497,911103,2.0,0.39,0.04,0.0
WH397,Atlanta,1594,2760,2,6,9,98567,S813,Apparel,2433,3.72,8.23,4.56,10576,14648,14169,129,19,67,small,50,121650,69750,1041.04,98567,23083,10.0,0.58,0.15,0.01
WH492,San Francisco,1967,442,7,1,6,34205,S287,Furniture,5005,2.2,5.27,3.61,21377,3361,9361,75,39,7,small,200,1001000,21483,3069.0,34205,966795,3.0,4.45,0.09,0.01
WH040,Houston,863,4365,5,7,10,31316,S153,Furniture,2078,3.24,2.49,3.85,25078,11949,11131,201,41,18,medium,200,415600,8236,457.56,31316,384284,10.0,0.2,0.03,0.02
WH109,Denver,4748,4753,3,6,16,67320,S193,Groceries,2960,2.88,5.72,1.92,35955,19702,9406,116,26,56,medium,20,59200,38212,682.36,67320,-8120,9.0,1.0,0.13,0.01
WH104,San Francisco,3963,4359,8,4,19,95995,S732,Furniture,7022,3.68,7.21,4.57,15192,5196,11137,228,46,29,small,200,1404400,79662,2746.97,95995,1308405,8.0,0.91,0.26,0.01
WH129,Miami,4049,3732,6,2,13,64539,S461,Automotive,8796,2.99,4.88,4.79,34165,15396,9246,78,32,6,medium,500,4398000,39897,6649.5,64539,4333461,5.0,1.08,0.12,0.0
WH430,Atlanta,680,3984,2,3,11,91042,S381,Automotive,1825,2.21,8.82,3.36,15155,9438,4296,47,27,98,small,500,912500,77308,788.86,91042,821458,5.0,0.17,0.04,0.01
WH389,San Francisco,2172,3321,2,5,9,60429,S902,Automotive,8783,1.75,3.06,3.64,47296,19538,10792,201,22,14,large,500,4391500,30099,2149.93,60429,4331071,7.0,0.65,0.05,0.0
WH086,New York,2160,1085,9,5,5,66793,S897,Apparel,1418,1.21,7.29,1.59,41232,5883,6290,18,21,36,large,50,70900,54620,1517.22,66793,4107,6.0,1.99,0.05,0.01
WH023,Atlanta,4279,3822,4,6,10,91635,S133,Furniture,6007,3.56,8.05,3.96,18979,2775,8483,221,48,50,small,200,1201400,80377,1607.54,91635,1109765,10.0,1.12,0.23,0.01
WH242,New York,3212,2993,2,5,17,47222,S485,Groceries,4836,1.92,8.37,2.67,12761,2360,10103,53,2,12,small,20,96720,34759,2896.58,47222,49498,7.0,1.07,0.25,0.0
WH320,Houston,2420,2840,2,7,25,62394,S915,Automotive,2670,2.98,4.53,4.54,42442,2183,13272,282,46,7,large,500,1335000,46939,6705.57,62394,1272606,10.0,0.85,0.06,0.02
WH296,Seattle,1762,3916,2,4,13,36091,S746,Automotive,5329,2.99,6.42,3.49,37245,19475,12567,16,31,91,large,500,2664500,4049,44.49,36091,2628409,7.0,0.45,0.05,0.01
WH012,Seattle,3842,4266,5,3,9,54664,S377,Electronics,6678,2.96,4.47,3.05,24667,12490,11557,68,11,31,medium,100,667800,30617,987.65,54664,613136,6.0,0.9,0.16,0.0
WH035,Chicago,3929,3188,10,6,7,93280,S287,Automotive,9632,2.72,4.29,3.4,43657,5616,14651,13,32,12,large,500,4816000,73013,6084.42,93280,4722720,9.0,1.23,0.09,0.0
WH093,Dallas,4224,3596,2,1,22,63818,S867,Apparel,8200,2.37,5.29,2.65,24435,10588,8540,297,36,75,medium,50,410000,44690,595.87,63818,346182,3.0,1.17,0.17,0.0
WH098,Dallas,3418,5130,6,3,11,97235,S670,Groceries,3468,1.44,1.34,2.1,38426,18176,3251,135,43,58,large,20,69360,75808,1307.03,97235,-27875,4.0,0.67,0.09,0.01
WH124,New York,2550,2544,5,4,18,43064,S593,Furniture,7192,1.49,6.18,1.35,23986,7744,13724,38,32,85,medium,200,1438400,21596,254.07,43064,1395336,5.0,1.0,0.11,0.0
WH183,Miami,3442,3997,3,3,18,34794,S121,Electronics,6003,2.65,7.03,3.81,47664,5117,8157,28,26,54,large,100,600300,21520,398.52,34794,565506,6.0,0.86,0.07,0.0
WH426,Atlanta,2998,658,10,2,19,43556,S375,Electronics,8622,2.47,7.86,4.26,37264,13469,6482,52,15,80,large,100,862200,23605,295.06,43556,818644,4.0,4.56,0.08,0.0
WH424,Seattle,1645,1998,7,4,13,85144,S339,Electronics,1803,1.92,7.34,3.78,47552,10090,9488,167,47,40,large,100,180300,65566,1639.15,85144,95156,6.0,0.82,0.03,0.03
WH279,Los Angeles,2279,1715,3,6,19,51798,S474,Apparel,5390,2.98,7.27,2.9,17432,5887,1238,29,39,69,small,50,269500,44673,647.43,51798,217702,9.0,1.33,0.13,0.01
WH401,Houston,3631,4761,9,7,23,85798,S350,Apparel,1238,3.4,4.57,2.37,25878,3896,11847,63,43,94,medium,50,61900,70055,745.27,85798,-23898,10.0,0.76,0.14,0.03
WH187,Dallas,2756,4440,4,5,16,91702,S674,Electronics,7713,3.55,4.64,4.45,39303,5345,3013,126,33,85,large,100,771300,83344,980.52,91702,679598,9.0,0.62,0.07,0.0
WH411,Denver,2005,621,2,4,12,38148,S195,Groceries,9068,1.05,8.29,2.17,25644,12799,12305,290,42,32,medium,20,181360,13044,407.62,38148,143212,5.0,3.23,0.08,0.0
WH026,Chicago,2042,2627,6,5,12,55853,S944,Electronics,4488,1.31,4.18,3.57,13881,2691,1893,203,50,73,small,100,448800,51269,702.32,55853,392947,6.0,0.78,0.15,0.01
WH268,Seattle,3150,4897,9,2,10,92424,S690,Automotive,4681,2.26,1.32,3.3,11336,16865,12202,79,14,82,small,500,2340500,63357,772.65,92424,2248076,4.0,0.64,0.28,0.0
WH436,Houston,3431,3271,4,3,11,98150,S955,Apparel,4605,4.34,3.72,2.72,32555,4215,6391,48,50,90,medium,50,230250,87544,972.71,98150,132100,7.0,1.05,0.11,0.01
WH256,Houston,4169,4979,8,6,15,79750,S539,Groceries,6683,2.68,5.21,1.18,44285,17836,1355,61,26,24,large,20,133660,60559,2523.29,79750,53910,9.0,0.84,0.09,0.0
WH290,New York,1498,3928,3,3,22,73515,S827,Apparel,5884,3.23,7.81,2.91,27015,17774,1468,215,10,57,medium,50,294200,54273,952.16,73515,220685,6.0,0.38,0.06,0.0
WH480,Los Angeles,3929,1419,7,3,15,96829,S566,Apparel,3793,1.63,3.31,1.2,45860,7257,7188,222,0,22,large,50,189650,82384,3744.73,96829,92821,5.0,2.77,0.09,0.0
WH020,San Francisco,2734,4605,3,3,20,94845,S810,Groceries,9663,2.39,0.9,4.15,41700,14331,8580,195,40,92,large,20,193260,71934,781.89,94845,98415,5.0,0.59,0.07,0.0
WH017,Denver,4576,1341,2,6,6,52507,S696,Apparel,3262,4.28,2.36,2.43,38381,12369,11657,130,11,42,large,50,163100,28481,678.12,52507,110593,10.0,3.41,0.12,0.0
WH325,New York,4863,2479,6,4,15,61482,S147,Groceries,5514,3.45,3.98,4.06,21317,9460,11887,20,10,34,small,20,110280,40135,1180.44,61482,48798,7.0,1.96,0.23,0.0
WH304,Los Angeles,3206,3987,2,2,23,56759,S739,Furniture,9928,1.29,7.36,2.86,49752,2529,6603,98,29,45,large,200,1985600,47627,1058.38,56759,1928841,3.0,0.8,0.06,0.0
WH315,Chicago,2679,2355,4,1,10,85536,S512,Apparel,5352,2.7,3.59,2.91,43969,17067,8262,60,47,33,large,50,267600,60207,1824.45,85536,182064,4.0,1.14,0.06,0.01
WH179,San Francisco,4703,3631,3,4,5,55573,S690,Groceries,5077,0.73,1.35,1.44,22122,7430,9719,15,34,51,small,20,101540,38424,753.41,55573,45967,5.0,1.3,0.21,0.01
WH205,Houston,4789,2629,10,4,18,67902,S844,Groceries,1150,1.88,4.25,4.58,24608,2315,5798,125,20,57,medium,20,23000,59789,1048.93,67902,-44902,6.0,1.82,0.19,0.02
WH005,Atlanta,2865,5093,9,5,14,50857,S617,Apparel,2701,2.52,1.86,4.04,35251,3425,7300,22,0,13,medium,50,135050,40132,3087.08,50857,84193,8.0,0.56,0.08,0.0
WH100,Atlanta,4348,3191,4,3,9,60499,S145,Electronics,6065,0.64,6.62,4.27,36544,3673,4952,181,50,85,medium,100,606500,51874,610.28,60499,546001,4.0,1.36,0.12,0.01
WH326,Seattle,1689,5061,9,2,12,37440,S414,Groceries,3417,1.53,0.57,4.35,38198,8814,3819,171,23,75,large,20,68340,24807,330.76,37440,30900,4.0,0.33,0.04,0.01
WH233,Houston,1799,4048,2,3,22,39231,S415,Furniture,7128,1.56,1.17,1.63,21097,2115,6205,10,20,91,small,200,1425600,30911,339.68,39231,1386369,5.0,0.44,0.09,0.0
WH277,Los Angeles,4884,3184,5,4,6,48757,S710,Furniture,1966,2.46,0.66,1.39,28549,16441,14887,113,10,18,medium,200,393200,17429,968.28,48757,344443,6.0,1.53,0.17,0.01
WH440,Atlanta,2943,3759,4,4,17,84467,S858,Automotive,5491,2.78,5.73,1.07,11290,7098,11675,88,17,61,small,500,2745500,65694,1076.95,84467,2661033,7.0,0.78,0.26,0.0
WH077,Miami,4930,1596,9,6,16,65180,S999,Apparel,5159,3.02,1.23,4.75,18352,11701,13753,293,30,35,small,50,257950,39726,1135.03,65180,192770,9.0,3.09,0.27,0.01
WH478,San Francisco,1233,5175,6,6,16,49703,S466,Electronics,9533,4.7,3.34,4.83,27791,18878,3668,232,34,55,medium,100,953300,27157,493.76,49703,903597,11.0,0.24,0.04,0.0
WH402,Seattle,674,4623,5,1,14,82542,S954,Automotive,4972,3.88,4.36,1.23,26141,15403,9039,228,6,64,medium,500,2486000,58100,907.81,82542,2403458,5.0,0.15,0.03,0.0
WH341,Houston,3722,1745,4,2,10,67201,S361,Electronics,3781,3.84,4.76,4.8,13998,15719,12369,91,15,27,small,100,378100,39113,1448.63,67201,310899,6.0,2.13,0.27,0.0
WH258,Miami,1503,4215,4,1,18,61767,S209,Automotive,7511,3.17,1.88,4.41,48675,11230,5869,13,9,67,large,500,3755500,44668,666.69,61767,3693733,4.0,0.36,0.03,0.0
WH119,Atlanta,3386,3306,2,7,15,73834,S538,Furniture,2230,3.57,3.38,1.94,23075,4455,7674,219,0,56,medium,200,446000,61705,1101.88,73834,372166,11.0,1.02,0.15,0.0
WH068,Los Angeles,3513,3170,4,3,19,53542,S599,Electronics,7359,0.66,7.53,2.17,20332,4948,5074,273,43,92,small,100,735900,43520,473.04,53542,682358,4.0,1.11,0.17,0.01
WH031,San Francisco,1343,848,10,1,12,64407,S690,Groceries,9625,0.57,7.75,2.51,46795,10723,4060,2,31,19,large,20,192500,49624,2611.79,64407,128093,2.0,1.58,0.03,0.0
WH499,Houston,4672,4914,5,1,17,43396,S112,Groceries,8583,2.5,1.02,3.74,23417,19063,2637,88,3,33,medium,20,171660,21696,657.45,43396,128264,4.0,0.95,0.2,0.0
WH389,Los Angeles,3446,3285,3,5,9,93587,S394,Apparel,3947,2.0,2.26,1.35,28596,1997,2877,23,23,11,medium,50,197350,88713,8064.82,93587,103763,7.0,1.05,0.12,0.01
WH461,Los Angeles,1690,3229,2,3,25,36991,S217,Electronics,4122,1.95,8.12,4.66,18398,9138,5531,44,16,25,small,100,412200,22322,892.88,36991,375209,5.0,0.52,0.09,0.0
WH192,San Francisco,1631,4816,7,2,10,97759,S187,Electronics,6095,2.85,0.62,4.07,26153,11785,9870,23,1,78,medium,100,609500,76104,975.69,97759,511741,5.0,0.34,0.06,0.0
WH182,Chicago,2206,1667,8,1,6,47230,S258,Apparel,6579,0.66,8.68,2.39,25968,12102,12800,51,28,60,medium,50,328950,22328,372.13,47230,281720,2.0,1.32,0.08,0.0
WH436,Miami,2199,1668,7,2,15,87711,S698,Furniture,2852,4.7,2.65,4.88,15009,14154,5337,172,12,99,small,200,570400,68220,689.09,87711,482689,7.0,1.32,0.15,0.0
WH263,Miami,4916,2610,5,1,18,88765,S410,Apparel,8025,2.89,5.39,1.86,41105,1464,5319,176,36,14,large,50,401250,81982,5855.86,88765,312485,4.0,1.88,0.12,0.0
WH471,New York,1627,3789,3,3,17,85842,S946,Groceries,1788,4.38,2.34,4.77,35748,5604,11672,285,43,48,medium,20,35760,68566,1428.46,85842,-50082,7.0,0.43,0.05,0.02
WH151,New York,989,2784,6,1,18,47950,S492,Automotive,7949,4.51,8.44,1.53,22004,6945,3471,28,46,32,small,500,3974500,37534,1172.94,47950,3926550,6.0,0.36,0.04,0.01
WH294,Chicago,4251,650,10,3,23,57399,S607,Groceries,5765,3.61,7.78,1.18,30399,7522,8792,215,12,61,medium,20,115300,41085,673.52,57399,57901,7.0,6.54,0.14,0.0
WH002,San Francisco,4387,2175,8,4,10,49294,S497,Electronics,5528,3.42,5.95,3.33,14253,3692,3766,137,16,57,small,100,552800,41836,733.96,49294,503506,7.0,2.02,0.31,0.0
WH074,Atlanta,1391,1134,9,4,14,78225,S627,Furniture,5475,3.41,8.3,2.49,30357,2637,7562,27,14,7,medium,200,1095000,68026,9718.0,78225,1016775,7.0,1.23,0.05,0.0
WH305,Denver,3581,1545,2,2,17,58798,S703,Furniture,3336,3.35,8.1,4.04,34887,19453,9161,272,30,86,medium,200,667200,30184,350.98,58798,608402,5.0,2.32,0.1,0.01
WH194,Seattle,3874,4349,3,3,23,81369,S811,Furniture,2781,3.54,1.67,2.78,28129,18641,13910,117,7,27,medium,200,556200,48818,1808.07,81369,474831,7.0,0.89,0.14,0.0
WH232,San Francisco,688,1463,3,7,13,90841,S520,Automotive,1473,3.45,6.0,4.3,15316,17786,5956,128,4,25,small,500,736500,67099,2683.96,90841,645659,10.0,0.47,0.04,0.0
WH041,New York,982,3984,2,5,24,58802,S388,Groceries,5676,3.43,1.07,4.48,20994,19518,6490,148,43,79,small,20,113520,32794,415.11,58802,54718,8.0,0.25,0.05,0.01
WH131,New York,4422,828,9,1,5,80974,S181,Groceries,6857,1.19,5.67,1.44,31687,11125,6039,106,29,38,medium,20,137140,63810,1679.21,80974,56166,2.0,5.34,0.14,0.0
WH370,Denver,3057,930,4,6,13,33807,S805,Groceries,6939,1.49,9.33,1.87,29413,8501,3176,289,18,58,medium,20,138780,22130,381.55,33807,104973,7.0,3.29,0.1,0.0
WH225,San Francisco,1742,4542,4,1,12,98732,S504,Groceries,7019,3.98,6.1,4.32,15069,12991,14155,176,12,75,small,20,140380,71586,954.48,98732,41648,5.0,0.38,0.12,0.0
WH223,Los Angeles,618,932,10,2,11,36651,S591,Groceries,8698,4.45,2.69,2.44,38504,13484,1670,120,40,70,large,20,173960,21497,307.1,36651,137309,6.0,0.66,0.02,0.0
WH476,Los Angeles,1386,1271,8,5,13,78191,S225,Furniture,1613,4.15,7.85,1.9,31646,17732,7714,238,5,78,medium,200,322600,52745,676.22,78191,244409,9.0,1.09,0.04,0.0
WH455,Seattle,2207,3714,9,1,6,79701,S820,Groceries,1621,4.82,9.58,4.17,46394,19151,559,103,31,27,large,20,32420,59991,2221.89,79701,-47281,6.0,0.59,0.05,0.02
WH370,Houston,1488,3011,3,6,13,77440,S744,Apparel,1163,1.72,2.5,1.97,47706,3022,2563,120,14,33,large,50,58150,71855,2177.42,77440,-19290,8.0,0.49,0.03,0.01
WH105,New York,4872,2903,3,6,6,52838,S152,Furniture,7135,2.55,3.78,3.71,36005,4009,13393,2,20,40,medium,200,1427000,35436,885.9,52838,1374162,9.0,1.68,0.14,0.0
WH282,Chicago,1457,922,5,4,6,56640,S997,Electronics,7717,0.73,4.74,2.42,14777,10811,5499,289,6,37,small,100,771700,40330,1090.0,56640,715060,5.0,1.58,0.1,0.0
WH489,Dallas,3312,3091,10,2,9,60788,S771,Groceries,4335,4.56,7.23,4.92,18928,17190,4973,179,20,35,small,20,86700,38625,1103.57,60788,25912,7.0,1.07,0.17,0.0
WH376,San Francisco,2605,5126,4,3,25,52334,S260,Groceries,4701,0.78,9.5,3.09,10338,6035,7781,294,36,91,small,20,94020,38518,423.27,52334,41686,4.0,0.51,0.25,0.01
WH458,San Francisco,660,1611,3,1,7,94183,S188,Automotive,6400,2.47,2.78,2.21,16847,6734,14278,76,31,7,small,500,3200000,73171,10453.0,94183,3105817,3.0,0.41,0.04,0.0
WH033,Miami,2300,1459,4,1,5,88472,S808,Electronics,2672,3.04,8.16,4.57,20247,12513,5813,145,41,59,small,100,267200,70146,1188.92,88472,178728,4.0,1.58,0.11,0.02
WH125,Chicago,4977,1299,5,6,23,91605,S954,Electronics,6841,1.59,9.48,1.86,41030,8656,2296,12,11,47,large,100,684100,80653,1716.02,91605,592495,8.0,3.83,0.12,0.0
WH080,Chicago,2200,2474,3,1,7,30946,S439,Furniture,9333,2.81,4.47,3.65,28605,16645,9292,230,20,59,medium,200,1866600,5009,84.9,30946,1835654,4.0,0.89,0.08,0.0
WH286,Dallas,3424,5119,2,4,16,72693,S248,Apparel,8842,4.95,1.01,4.35,41424,10280,3078,216,26,95,large,50,442100,59335,624.58,72693,369407,9.0,0.67,0.08,0.0
WH120,Denver,2258,2659,4,5,5,97396,S968,Electronics,4499,1.53,1.53,1.9,35457,15946,515,158,40,42,medium,100,449900,80935,1927.02,97396,352504,7.0,0.85,0.06,0.01
WH092,San Francisco,3547,5117,4,5,20,46592,S799,Electronics,9398,2.69,5.02,2.91,11927,1357,9805,184,40,78,small,100,939800,35430,454.23,46592,893208,8.0,0.69,0.3,0.0
WH477,Atlanta,679,1890,7,1,22,49608,S684,Electronics,1359,1.0,4.25,4.16,14825,15165,7572,248,3,71,small,100,135900,26871,378.46,49608,86292,2.0,0.36,0.05,0.0
WH413,Seattle,3412,2576,4,7,25,52720,S899,Automotive,1753,0.56,1.29,2.36,32468,5445,4987,111,29,21,medium,500,876500,42288,2013.71,52720,823780,8.0,1.32,0.11,0.02
WH326,San Francisco,1210,1626,4,4,10,55520,S816,Electronics,9166,0.92,8.37,3.01,49101,17697,11152,210,7,90,large,100,916600,26671,296.34,55520,861080,5.0,0.74,0.02,0.0
WH078,San Francisco,2466,2107,4,2,8,99202,S436,Groceries,1248,1.65,8.64,2.09,49895,11376,4433,42,14,46,large,20,24960,83393,1812.89,99202,-74242,4.0,1.17,0.05,0.01
WH055,Miami,849,4475,8,5,10,72838,S126,Apparel,7426,1.65,6.54,4.69,40691,14310,2042,160,4,78,large,50,371300,56486,724.18,72838,298462,7.0,0.19,0.02,0.0
WH033,Seattle,620,3801,9,5,25,99965,S261,Apparel,7580,3.74,9.13,4.84,36935,18414,8482,299,30,33,medium,50,379000,73069,2214.21,99965,279035,9.0,0.16,0.02,0.0
WH243,Seattle,2270,575,4,6,11,59428,S222,Automotive,1848,2.92,8.77,4.04,11850,2588,8173,181,10,23,small,500,924000,48667,2115.96,59428,864572,9.0,3.95,0.19,0.01
WH388,San Francisco,2202,2947,10,2,24,84686,S270,Apparel,5667,1.78,8.69,4.42,48273,18885,13036,92,39,46,large,50,283350,52765,1147.07,84686,198664,4.0,0.75,0.05,0.01
WH482,Seattle,2343,1171,3,2,15,59904,S763,Electronics,7410,1.51,3.27,3.48,44472,7102,3547,246,1,67,large,100,741000,49255,735.15,59904,681096,4.0,2.0,0.05,0.0
WH387,Los Angeles,4174,3605,10,6,25,45894,S807,Furniture,2555,3.39,2.3,1.39,12979,4433,12383,45,12,75,small,200,511000,29078,387.71,45894,465106,9.0,1.16,0.32,0.0
WH259,Seattle,4648,3271,2,2,15,38658,S322,Groceries,7125,0.91,6.62,1.43,15598,5751,12666,11,26,59,small,20,142500,20241,343.07,38658,103842,3.0,1.42,0.3,0.0
WH049,Chicago,3577,2582,8,3,7,89377,S825,Furniture,6669,1.19,6.16,4.47,45556,1133,9913,195,28,97,large,200,1333800,78331,807.54,89377,1244423,4.0,1.39,0.08,0.0
WH322,Chicago,1502,2782,5,4,11,39104,S134,Furniture,1245,3.86,7.82,3.6,44913,12304,1408,81,15,79,large,200,249000,25392,321.42,39104,209896,8.0,0.54,0.03,0.01
WH131,Denver,2556,886,9,7,19,98956,S516,Furniture,9931,4.29,7.26,1.19,15965,16289,8362,221,0,14,small,200,1986200,74305,5307.5,98956,1887244,11.0,2.88,0.16,0.0
WH264,Atlanta,3807,3546,10,3,12,57378,S314,Electronics,7646,2.53,4.89,2.65,29822,2827,5546,47,28,63,medium,100,764600,49005,777.86,57378,707222,6.0,1.07,0.13,0.0
WH371,Houston,929,2849,7,3,15,87397,S391,Apparel,9526,3.82,0.84,1.6,44786,16282,11137,124,1,27,large,50,476300,59978,2221.41,87397,388903,7.0,0.33,0.02,0.0
WH183,Houston,4448,2335,5,1,13,90309,S518,Electronics,5763,4.66,7.22,3.98,30810,8728,14870,138,17,7,medium,100,576300,66711,9530.14,90309,485991,6.0,1.9,0.14,0.0
WH329,New York,1747,4930,5,3,20,95132,S927,Apparel,1695,1.73,6.21,2.73,36489,12353,4864,113,19,50,medium,50,84750,77915,1558.3,95132,-10382,5.0,0.35,0.05,0.01
WH232,Dallas,519,3854,2,4,16,96949,S278,Groceries,2065,4.44,2.64,3.2,34100,6332,6145,273,31,86,medium,20,41300,84472,982.23,96949,-55649,8.0,0.13,0.02,0.02
WH488,Denver,1769,2744,7,6,18,63690,S782,Apparel,6256,2.83,3.18,3.23,18687,7616,14003,237,28,67,small,50,312800,42071,627.93,63690,249110,9.0,0.64,0.09,0.0
WH344,Houston,2073,894,8,2,21,34990,S123,Furniture,8141,4.11,6.08,4.13,36001,1476,14534,262,3,55,medium,200,1628200,18980,345.09,34990,1593210,6.0,2.32,0.06,0.0
WH060,New York,969,1093,4,3,7,51567,S231,Furniture,2127,3.59,4.99,3.07,26229,4565,2540,206,35,17,medium,200,425400,44462,2615.41,51567,373833,7.0,0.89,0.04,0.02
WH194,Dallas,1204,1222,9,5,19,43468,S735,Groceries,8904,3.98,8.94,4.23,43074,6812,2324,244,3,90,large,20,178080,34332,381.47,43468,134612,9.0,0.99,0.03,0.0
WH489,Seattle,3853,1343,3,4,15,40856,S941,Apparel,5090,1.2,2.0,3.54,13948,8099,6692,112,45,12,small,50,254500,26065,2172.08,40856,213644,5.0,2.87,0.28,0.01
WH470,New York,2498,800,8,7,25,45456,S433,Furniture,4404,3.04,2.84,3.84,23341,14588,1950,107,17,77,medium,200,880800,28918,375.56,45456,835344,10.0,3.12,0.11,0.0
WH175,Los Angeles,2366,3994,10,3,15,92482,S228,Furniture,1770,1.82,4.74,2.82,25357,8940,9011,141,38,66,medium,200,354000,74531,1129.26,92482,261518,5.0,0.59,0.09,0.02
WH419,San Francisco,2492,598,8,3,19,55080,S783,Automotive,4399,2.87,3.87,1.52,33279,18414,11372,89,29,5,medium,500,2199500,25294,5058.8,55080,2144420,6.0,4.17,0.07,0.01
WH246,Chicago,2610,3115,10,2,15,71855,S646,Apparel,3294,1.82,8.63,2.99,42413,12091,7749,289,5,98,large,50,164700,52015,530.77,71855,92845,4.0,0.84,0.06,0.0
WH401,Atlanta,3157,3940,5,2,8,99706,S219,Groceries,4202,2.64,2.15,4.77,45610,12957,14529,270,5,53,large,20,84040,72220,1362.64,99706,-15666,5.0,0.8,0.07,0.0
WH079,Dallas,3347,878,6,5,24,55163,S581,Automotive,3689,2.35,0.87,2.09,19511,11709,12230,210,44,78,small,500,1844500,31224,400.31,55163,1789337,7.0,3.81,0.17,0.01
WH113,Houston,1875,4065,9,2,23,48912,S164,Apparel,1713,4.95,6.44,2.09,24950,1887,14635,298,24,90,medium,50,85650,32390,359.89,48912,36738,7.0,0.46,0.08,0.01
WH482,Dallas,654,2773,6,6,25,37339,S980,Furniture,2042,3.06,1.33,1.18,48570,4473,1954,268,19,82,large,200,408400,30912,376.98,37339,371061,9.0,0.24,0.01,0.01
WH095,Denver,4991,2525,5,2,11,79488,S320,Furniture,9049,0.88,8.56,4.01,22805,3272,13564,126,48,94,small,200,1809800,62652,666.51,79488,1730312,3.0,1.98,0.22,0.01
WH387,Chicago,1889,2271,9,4,11,91701,S759,Groceries,3138,3.66,7.0,1.63,30630,6237,13797,63,19,92,medium,20,62760,71667,778.99,91701,-28941,8.0,0.83,0.06,0.01
WH189,Los Angeles,939,4581,9,2,9,96247,S286,Electronics,1312,4.23,4.23,3.63,46548,2946,5515,150,5,28,large,100,131200,87786,3135.21,96247,34953,6.0,0.2,0.02,0.0
WH039,New York,2347,2434,7,3,17,93079,S445,Electronics,2906,1.19,4.71,2.25,46837,5506,9020,88,24,21,large,100,290600,78553,3740.62,93079,197521,4.0,0.96,0.05,0.01
WH233,Atlanta,4434,4997,8,2,20,65546,S355,Groceries,9664,2.37,5.48,3.03,20120,5212,7969,97,18,77,small,20,193280,52365,680.06,65546,127734,4.0,0.89,0.22,0.0
WH303,Miami,1602,4403,9,3,5,98673,S139,Electronics,4423,3.42,9.04,2.01,12348,5046,13352,268,42,7,small,100,442300,80275,11467.86,98673,343627,6.0,0.36,0.13,0.01
WH105,Miami,2936,5034,3,6,9,82925,S372,Furniture,9521,3.12,2.26,4.7,23562,19875,1132,55,36,22,medium,200,1904200,61918,2814.45,82925,1821275,9.0,0.58,0.12,0.0
WH018,Atlanta,2437,1217,4,4,5,75859,S656,Furniture,4990,2.71,2.63,2.81,36928,10790,12841,224,24,18,medium,200,998000,52228,2901.56,75859,922141,7.0,2.0,0.07,0.0
WH350,Miami,2652,1374,2,7,21,44162,S230,Furniture,5892,3.5,8.11,3.37,20238,15998,5669,198,9,82,small,200,1178400,22495,274.33,44162,1134238,10.0,1.93,0.13,0.0
WH287,Atlanta,4693,4306,4,1,24,38920,S129,Automotive,9883,3.58,7.18,2.72,22130,17787,4640,90,2,97,small,500,4941500,16493,170.03,38920,4902580,5.0,1.09,0.21,0.0
WH354,Los Angeles,2929,2193,4,1,23,93422,S519,Electronics,6796,2.45,4.86,1.37,12910,3528,10857,63,24,87,small,100,679600,79037,908.47,93422,586178,3.0,1.34,0.23,0.0
WH395,Dallas,4860,5137,6,1,6,55459,S157,Automotive,1101,3.55,3.36,4.44,36306,2942,3679,179,43,48,medium,500,550500,48838,1017.46,55459,495041,5.0,0.95,0.13,0.04
WH344,Denver,985,474,6,7,5,96689,S532,Apparel,9816,1.21,4.93,3.61,43485,11804,3414,113,9,83,large,50,490800,81471,981.58,96689,394111,8.0,2.08,0.02,0.0
WH418,Chicago,3322,2770,3,6,22,90331,S476,Apparel,6836,3.02,4.47,1.78,24388,16588,9369,105,28,6,medium,50,341800,64374,10729.0,90331,251469,9.0,1.2,0.14,0.0
WH181,Denver,3264,2646,6,1,10,65921,S627,Apparel,3316,2.83,4.05,3.38,49628,19408,4478,177,29,93,large,50,165800,42035,451.99,65921,99879,4.0,1.23,0.07,0.01
WH128,Seattle,1410,2117,8,5,25,68512,S984,Automotive,7919,1.0,3.01,3.82,25647,13314,2177,16,10,33,medium,500,3959500,53021,1606.7,68512,3890988,6.0,0.67,0.05,0.0
WH404,Atlanta,1319,4559,3,6,13,74534,S305,Furniture,5863,4.49,8.93,4.62,22844,3352,12320,226,22,52,small,200,1172600,58862,1131.96,74534,1098066,10.0,0.29,0.06,0.0
WH354,Atlanta,3013,2774,2,1,14,68302,S306,Furniture,8883,2.38,7.57,5.0,15190,13477,8696,255,7,94,small,200,1776600,46129,490.73,68302,1708298,3.0,1.09,0.2,0.0
WH106,Los Angeles,3765,3292,3,1,9,62523,S154,Apparel,6925,4.26,0.99,3.06,36936,3612,5023,300,6,55,medium,50,346250,53888,979.78,62523,283727,5.0,1.14,0.1,0.0
WH257,Houston,1169,3503,3,6,11,79946,S198,Electronics,6622,2.17,5.75,4.3,35367,18442,6998,133,25,74,medium,100,662200,54506,736.57,79946,582254,8.0,0.33,0.03,0.0
WH305,New York,1969,1594,2,6,24,67751,S755,Apparel,1686,4.15,9.62,3.02,49519,6988,2877,46,27,68,large,50,84300,57886,851.26,67751,16549,10.0,1.24,0.04,0.02
WH090,Seattle,3512,3056,2,5,11,81104,S775,Electronics,1239,1.55,6.52,1.77,38384,18938,11559,57,38,42,large,100,123900,50607,1204.93,81104,42796,7.0,1.15,0.09,0.03
WH033,Atlanta,2845,3243,4,2,23,40414,S944,Automotive,8936,3.68,5.66,3.14,19590,9593,6891,294,14,18,small,500,4468000,23930,1329.44,40414,4427586,6.0,0.88,0.15,0.0
WH382,Miami,4258,4740,6,7,20,80668,S417,Automotive,5312,4.73,3.57,4.12,27619,4776,12277,13,42,91,medium,500,2656000,63615,699.07,80668,2575332,12.0,0.9,0.15,0.01
WH001,Miami,3807,3440,10,1,24,42372,S372,Furniture,4503,1.54,2.28,1.24,13306,18195,9484,63,4,59,small,200,900600,14693,249.03,42372,858228,3.0,1.11,0.29,0.0
WH330,Denver,4403,4734,10,4,7,77444,S317,Electronics,3880,1.76,6.99,1.66,31326,2080,6426,18,23,52,medium,100,388000,68938,1325.73,77444,310556,6.0,0.93,0.14,0.01
WH080,Seattle,4039,1966,5,1,16,82812,S892,Furniture,3353,1.62,4.83,1.2,17616,15539,4666,55,30,40,small,200,670600,62607,1565.18,82812,587788,3.0,2.05,0.23,0.01
WH488,Dallas,4067,2729,7,2,12,46080,S622,Automotive,4596,1.41,7.93,1.79,10940,6967,11725,260,8,90,small,500,2298000,27388,304.31,46080,2251920,3.0,1.49,0.37,0.0
WH201,Los Angeles,4179,964,6,1,10,55053,S520,Groceries,4124,1.48,3.58,2.0,29722,9487,7488,253,0,45,medium,20,82480,38078,846.18,55053,27427,2.0,4.34,0.14,0.0
WH056,Atlanta,4278,3427,5,3,19,39851,S396,Electronics,9286,2.82,9.09,3.56,38006,14959,11699,278,48,80,large,100,928600,13193,164.91,39851,888749,6.0,1.25,0.11,0.01
WH046,Los Angeles,4545,2036,2,6,8,90308,S801,Apparel,7029,2.66,7.24,1.3,25207,5008,12688,231,45,98,medium,50,351450,72612,740.94,90308,261142,9.0,2.23,0.18,0.01
WH442,Chicago,544,4553,9,3,20,59227,S407,Groceries,9535,1.78,8.2,1.86,11085,14270,6211,275,50,46,small,20,190700,38746,842.3,59227,131473,5.0,0.12,0.05,0.01
WH209,Denver,3328,3027,2,3,22,93013,S544,Groceries,7683,1.37,3.08,3.24,15557,6652,8795,216,28,13,small,20,153660,77566,5966.62,93013,60647,4.0,1.1,0.21,0.0
WH390,Houston,1124,4854,7,1,16,30515,S503,Groceries,1927,1.41,2.73,2.34,39339,15148,14579,179,20,79,large,20,38540,788,9.97,30515,8025,2.0,0.23,0.03,0.01
WH042,Chicago,2279,1930,10,7,24,72812,S569,Automotive,4016,3.27,3.65,1.01,46299,6101,12458,163,30,51,large,500,2008000,54253,1063.78,72812,1935188,10.0,1.18,0.05,0.01
WH414,Dallas,2358,2655,6,7,23,45715,S995,Groceries,1413,2.66,3.0,1.9,26390,7744,5653,140,21,76,medium,20,28260,32318,425.24,45715,-17455,10.0,0.89,0.09,0.01
WH390,Miami,1376,5004,2,1,24,64485,S742,Furniture,3285,3.99,4.57,3.51,48768,16192,9028,199,32,20,large,200,657000,39265,1963.25,64485,592515,5.0,0.27,0.03,0.01
WH001,Chicago,3721,3835,6,7,14,60781,S565,Automotive,1330,1.06,4.23,4.44,33682,14240,6406,0,41,95,medium,500,665000,40135,422.47,60781,604219,8.0,0.97,0.11,0.03
WH266,Miami,4874,4415,8,1,11,87222,S851,Groceries,6771,3.99,9.45,2.83,37502,1217,8138,6,15,39,large,20,135420,77867,1996.59,87222,48198,5.0,1.1,0.13,0.0
WH039,Chicago,4264,676,4,3,13,35183,S120,Groceries,5645,4.6,6.9,3.71,45076,18049,2828,117,11,80,large,20,112900,14306,178.82,35183,77717,8.0,6.31,0.09,0.0
WH037,Miami,2570,3036,5,6,16,72382,S602,Electronics,2353,2.17,1.41,4.6,27852,7710,1039,132,45,50,medium,100,235300,63633,1272.66,72382,162918,8.0,0.85,0.09,0.02
WH500,Dallas,4798,2861,8,4,23,70972,S966,Automotive,5015,4.65,4.9,2.98,39543,8082,13117,136,26,14,large,500,2507500,49773,3555.21,70972,2436528,9.0,1.68,0.12,0.01
WH361,Houston,3845,1896,6,3,12,67556,S598,Electronics,9719,4.07,8.42,2.77,34874,14922,13314,126,11,97,medium,100,971900,39320,405.36,67556,904344,7.0,2.03,0.11,0.0
WH391,Miami,2671,2527,6,2,18,36034,S102,Automotive,1288,4.56,3.7,4.41,49979,12654,3570,25,20,51,large,500,644000,19810,388.43,36034,607966,7.0,1.06,0.05,0.02
WH027,New York,4759,484,9,2,17,96825,S131,Automotive,3694,0.83,3.56,3.2,16996,7961,14110,119,41,85,small,500,1847000,74754,879.46,96825,1750175,3.0,9.83,0.28,0.01
WH141,Miami,659,4727,10,5,8,42631,S798,Furniture,8771,3.78,3.44,3.09,46742,13170,3430,178,6,82,large,200,1754200,26031,317.45,42631,1711569,9.0,0.14,0.01,0.0
WH398,Atlanta,1859,3467,2,6,18,79114,S637,Automotive,1103,4.79,5.05,1.4,22704,4727,7642,15,36,60,small,500,551500,66745,1112.42,79114,472386,11.0,0.54,0.08,0.03
WH488,Miami,734,2644,4,3,17,82106,S853,Groceries,3149,2.35,3.31,2.34,25240,5249,1900,201,45,49,medium,20,62980,74957,1529.73,82106,-19126,5.0,0.28,0.03,0.01
WH122,Dallas,4100,5099,7,2,12,52305,S668,Apparel,4137,3.94,3.9,4.6,17206,7229,10178,155,18,91,small,50,206850,34898,383.49,52305,154545,6.0,0.8,0.24,0.0
WH202,Chicago,2011,3949,5,2,21,59432,S469,Automotive,2891,2.43,7.69,4.98,13524,12644,3492,26,33,74,small,500,1445500,43296,585.08,59432,1386068,4.0,0.51,0.15,0.01
WH475,Atlanta,4328,1522,6,3,19,50887,S401,Furniture,4595,1.23,1.36,4.44,20088,17571,7604,97,31,93,small,200,919000,25712,276.47,50887,868113,4.0,2.84,0.22,0.01
WH164,Atlanta,1130,5141,2,5,14,62347,S103,Apparel,3431,1.24,4.63,3.4,42992,4735,14388,264,17,13,large,50,171550,43224,3324.92,62347,109203,6.0,0.22,0.03,0.0
WH163,Denver,691,2105,7,6,7,72227,S441,Apparel,5715,0.52,5.81,3.61,31692,9854,13762,20,20,23,medium,50,285750,48611,2113.52,72227,213523,7.0,0.33,0.02,0.0
WH494,New York,3139,1614,4,2,24,63111,S187,Automotive,8588,3.2,3.5,3.89,24561,9978,14532,76,28,92,medium,500,4294000,38601,419.58,63111,4230889,5.0,1.94,0.13,0.0
WH109,Miami,4011,4098,2,5,11,46152,S408,Automotive,5323,2.97,6.36,2.21,18705,7073,13970,9,7,83,small,500,2661500,25109,302.52,46152,2615348,8.0,0.98,0.21,0.0
WH088,Denver,4839,3605,4,4,12,87571,S967,Furniture,6480,2.59,9.66,3.72,11626,5702,3342,221,35,75,small,200,1296000,78527,1047.03,87571,1208429,7.0,1.34,0.42,0.01
WH476,New York,2870,3549,5,6,9,54988,S688,Automotive,6519,2.34,6.18,4.56,26572,13100,3192,214,36,57,medium,500,3259500,38696,678.88,54988,3204512,8.0,0.81,0.11,0.01
WH102,Chicago,2523,5037,2,4,7,85322,S990,Apparel,8354,2.47,3.91,1.47,39627,5718,11671,225,18,81,large,50,417700,67933,838.68,85322,332378,6.0,0.5,0.06,0.0
WH288,Los Angeles,2981,2203,7,5,12,81725,S739,Apparel,2543,1.5,1.64,3.32,12566,12316,8711,194,49,89,small,50,127150,60698,682.0,81725,45425,7.0,1.35,0.24,0.02
WH121,Dallas,3594,4135,5,1,19,82199,S237,Electronics,5103,4.3,8.39,4.2,13566,12058,11764,185,24,18,small,100,510300,58377,3243.17,82199,428101,5.0,0.87,0.26,0.0
WH340,Miami,2753,4022,6,4,14,54693,S604,Apparel,6594,1.17,6.43,4.08,16172,3931,5384,72,29,22,small,50,329700,45378,2062.64,54693,275007,5.0,0.68,0.17,0.0
WH088,Los Angeles,4772,1457,5,1,5,40177,S829,Groceries,5640,3.76,4.83,4.96,43571,13210,3013,192,9,47,large,20,112800,23954,509.66,40177,72623,5.0,3.28,0.11,0.0
WH056,Dallas,3636,3453,8,6,11,50893,S990,Groceries,5913,2.43,4.5,3.65,38021,2774,10625,157,14,37,large,20,118260,37494,1013.35,50893,67367,8.0,1.05,0.1,0.0
WH222,Dallas,2049,2313,5,3,16,44699,S496,Automotive,5031,1.79,4.97,4.5,47494,14434,14244,33,48,88,large,500,2515500,16021,182.06,44699,2470801,5.0,0.89,0.04,0.01
WH034,San Francisco,2843,1770,2,5,20,87773,S849,Apparel,1507,1.05,7.55,4.34,28144,7977,1059,274,27,49,medium,50,75350,78737,1606.88,87773,-12423,6.0,1.61,0.1,0.02
WH347,Houston,2161,1243,2,3,20,50718,S662,Automotive,8371,3.93,1.59,4.13,40991,17666,10537,26,34,76,large,500,4185500,22515,296.25,50718,4134782,7.0,1.74,0.05,0.0
WH026,Los Angeles,3723,4495,5,2,8,71632,S281,Electronics,1051,3.61,9.96,2.05,38342,17265,6921,93,9,66,large,100,105100,47446,718.88,71632,33468,6.0,0.83,0.1,0.01
WH007,Chicago,3451,1006,10,4,9,65441,S919,Apparel,6401,2.83,5.38,4.96,38157,7002,4023,24,33,96,large,50,320050,54416,566.83,65441,254609,7.0,3.43,0.09,0.01
WH012,Seattle,2493,1158,6,1,16,40274,S405,Electronics,7689,0.59,4.1,4.4,26879,3849,4042,12,43,99,medium,100,768900,32383,327.1,40274,728626,2.0,2.15,0.09,0.01
WH341,Denver,3796,3992,7,7,16,53322,S219,Electronics,2125,1.32,7.23,2.99,20650,10068,5006,26,30,32,small,100,212500,38248,1195.25,53322,159178,8.0,0.95,0.18,0.01
WH155,San Francisco,3095,4848,6,6,12,64914,S345,Groceries,3841,3.19,2.46,4.04,43468,10594,5244,119,41,53,large,20,76820,49076,925.96,64914,11906,9.0,0.64,0.07,0.01
WH493,Denver,4116,4610,8,6,6,34868,S995,Electronics,2702,3.62,9.73,3.03,44883,12300,2152,88,45,54,large,100,270200,20416,378.07,34868,235332,10.0,0.89,0.09,0.02
WH399,Denver,4248,2155,2,4,22,52943,S685,Furniture,3942,4.41,3.88,3.64,14161,10536,6394,117,48,72,small,200,788400,36013,500.18,52943,735457,8.0,1.97,0.3,0.01
WH495,Los Angeles,3706,3087,8,3,9,86437,S527,Electronics,4339,3.3,2.13,2.11,27574,17898,2248,196,44,81,medium,100,433900,66291,818.41,86437,347463,6.0,1.2,0.13,0.01
WH364,Dallas,3213,4295,7,5,19,75884,S617,Apparel,3474,3.12,7.27,2.05,49723,10859,14319,185,2,17,large,50,173700,50706,2982.71,75884,97816,8.0,0.75,0.06,0.0
WH499,Seattle,2809,1747,7,2,14,70859,S254,Apparel,1314,4.81,8.83,2.06,14956,17141,13579,247,24,87,small,50,65700,40139,461.37,70859,-5159,7.0,1.61,0.19,0.02
WH105,Houston,565,3432,6,2,22,70908,S732,Electronics,3326,2.31,8.06,2.86,28387,9132,14296,247,21,60,medium,100,332600,47480,791.33,70908,261692,4.0,0.16,0.02,0.01
WH434,Los Angeles,3728,3990,9,6,18,51895,S839,Automotive,9095,2.84,4.7,4.78,43242,13126,13685,171,13,52,large,500,4547500,25084,482.38,51895,4495605,9.0,0.93,0.09,0.0
WH493,Los Angeles,4265,4000,10,3,17,95822,S679,Apparel,2188,2.22,1.04,4.35,18618,13257,14977,276,3,23,small,50,109400,67588,2938.61,95822,13578,5.0,1.07,0.23,0.0
WH145,Chicago,2215,2421,5,5,6,50560,S392,Electronics,8757,2.14,5.36,1.14,35201,12612,1619,187,47,12,medium,100,875700,36329,3027.42,50560,825140,7.0,0.91,0.06,0.01
WH248,Atlanta,4784,1437,8,5,19,34112,S768,Electronics,2642,4.25,7.71,4.93,13013,4433,2674,211,25,90,small,100,264200,27005,300.06,34112,230088,9.0,3.33,0.37,0.01
WH100,Los Angeles,2217,2642,6,2,10,50313,S143,Electronics,8678,1.12,6.84,4.51,34249,6848,13675,283,29,85,medium,100,867800,29790,350.47,50313,817487,3.0,0.84,0.06,0.0
WH028,New York,2543,2562,7,1,9,56665,S996,Groceries,1941,2.16,7.35,2.44,27228,4967,11925,54,38,45,medium,20,38820,39773,883.84,56665,-17845,3.0,0.99,0.09,0.02
WH286,Denver,4127,2375,3,6,5,58513,S923,Apparel,1780,4.03,4.12,1.86,15638,14093,4045,255,44,75,small,50,89000,40375,538.33,58513,30487,10.0,1.74,0.26,0.02
WH060,New York,4630,3420,4,4,24,57943,S355,Groceries,8715,1.82,4.62,3.53,44641,7152,12031,82,19,34,large,20,174300,38760,1140.0,57943,116357,6.0,1.35,0.1,0.0
WH274,Los Angeles,4994,1228,5,5,6,70245,S740,Furniture,8855,1.84,9.81,2.64,30671,16446,1274,153,3,85,medium,200,1771000,52525,617.94,70245,1700755,7.0,4.07,0.16,0.0
WH319,New York,1206,4118,5,4,24,55373,S952,Apparel,9874,3.43,8.34,4.75,12227,16050,8770,250,39,41,small,50,493700,30553,745.2,55373,438327,7.0,0.29,0.1,0.0
WH303,Denver,2850,3908,4,2,12,58194,S591,Apparel,2912,4.91,5.14,1.37,47174,18838,1891,260,15,33,large,50,145600,37465,1135.3,58194,87406,7.0,0.73,0.06,0.01
WH258,Miami,1017,4062,6,7,7,62446,S154,Automotive,7929,1.87,3.36,3.04,13932,7226,9521,222,47,72,small,500,3964500,45699,634.71,62446,3902054,9.0,0.25,0.07,0.01
WH239,Chicago,610,1183,3,1,22,43540,S120,Automotive,7865,4.75,2.48,4.92,29570,17196,717,141,7,41,medium,500,3932500,25627,625.05,43540,3888960,6.0,0.52,0.02,0.0
WH162,Chicago,2247,4189,10,4,12,53533,S831,Apparel,5348,3.45,3.8,4.94,40767,6053,11638,63,27,80,large,50,267400,35842,448.02,53533,213867,7.0,0.54,0.06,0.01
WH361,Seattle,3672,2652,6,4,13,63188,S383,Electronics,8655,4.24,6.9,4.14,40379,19104,11161,211,50,92,large,100,865500,32923,357.86,63188,802312,8.0,1.38,0.09,0.01
WH190,Dallas,3101,898,9,2,10,81760,S434,Groceries,1225,3.74,5.84,2.6,43489,7690,3512,259,5,59,large,20,24500,70558,1195.9,81760,-57260,6.0,3.45,0.07,0.0
WH082,New York,739,4749,8,5,9,74847,S405,Electronics,1854,0.72,5.91,3.08,35493,2900,763,48,48,84,medium,100,185400,71184,847.43,74847,110553,6.0,0.16,0.02,0.03
WH326,San Francisco,1966,2828,6,4,19,90169,S979,Apparel,2245,3.55,5.67,2.43,34704,7944,11357,99,43,39,medium,50,112250,70868,1817.13,90169,22081,8.0,0.7,0.06,0.02
WH448,Denver,1499,5099,4,6,8,33565,S651,Electronics,4985,4.46,4.34,4.25,38854,17196,7278,21,44,64,large,100,498500,9091,142.05,33565,464935,10.0,0.29,0.04,0.01
WH309,Houston,1500,4869,3,3,13,97981,S268,Electronics,2813,1.0,5.28,4.15,10630,19353,10524,107,39,76,small,100,281300,68104,896.11,97981,183319,4.0,0.31,0.14,0.01
WH067,San Francisco,2199,2979,4,4,8,45475,S955,Apparel,4946,2.11,1.35,3.63,38735,11826,3479,122,47,34,large,50,247300,30170,887.35,45475,201825,6.0,0.74,0.06,0.01
WH351,San Francisco,634,705,6,7,11,44147,S831,Apparel,1694,3.24,8.87,1.54,25823,17306,917,276,6,62,medium,50,84700,25924,418.13,44147,40553,10.0,0.9,0.02,0.0
WH386,Chicago,535,3663,6,5,21,64769,S648,Groceries,7238,1.56,0.52,4.15,21576,4079,1041,156,26,86,small,20,144760,59649,693.59,64769,79991,7.0,0.15,0.02,0.0
WH083,Miami,2910,3448,7,7,16,84542,S315,Groceries,3837,2.73,8.08,3.88,14643,4303,5330,91,11,17,small,20,76740,74909,4406.41,84542,-7802,10.0,0.84,0.2,0.0
WH113,San Francisco,2373,1542,2,5,15,92064,S178,Electronics,4806,4.73,6.88,4.97,18600,5680,3070,163,48,91,small,100,480600,83314,915.54,92064,388536,10.0,1.54,0.13,0.01
WH057,Chicago,2182,712,10,2,23,67124,S221,Groceries,3908,2.62,5.35,1.34,43289,8634,13556,138,35,28,large,20,78160,44934,1604.79,67124,11036,5.0,3.06,0.05,0.01
WH145,New York,4357,1521,10,5,20,65281,S830,Groceries,5909,3.94,5.45,1.83,47701,1581,5792,119,43,97,large,20,118180,57908,596.99,65281,52899,9.0,2.86,0.09,0.01
WH181,Miami,3110,3322,4,7,8,88426,S663,Groceries,4584,3.79,1.45,4.92,48667,4070,9536,47,29,77,large,20,91680,74820,971.69,88426,3254,11.0,0.94,0.06,0.01
WH068,Seattle,1636,4170,4,3,6,87751,S961,Apparel,1699,0.68,8.47,4.14,17858,9501,5919,9,38,61,small,50,84950,72331,1185.75,87751,-2801,4.0,0.39,0.09,0.02
WH204,Seattle,1821,536,9,6,23,78229,S966,Electronics,8828,1.3,7.01,1.15,12831,7219,3575,204,24,48,small,100,882800,67435,1404.9,78229,804571,7.0,3.4,0.14,0.0
WH047,Dallas,2309,3122,7,3,16,84305,S185,Automotive,7267,4.22,2.15,2.36,23096,6377,14269,254,15,6,medium,500,3633500,63659,10609.83,84305,3549195,7.0,0.74,0.1,0.0
